Date,Portfolio_Value
2020-03-23,1000000.0
2020-03-24,1007815.1499999999
2020-03-25,1009427.7999999999
2020-03-26,1016002.45
2020-03-27,1005871.7
2020-03-30,1006450.6
2020-03-31,1013810.8999999999
2020-04-01,1010792.35
2020-04-03,1006740.0499999999
2020-04-07,1018711.75
2020-04-08,1022577.3999999999
2020-04-09,1028192.35
2020-04-13,1027866.7
2020-04-15,1044090.7499999998
2020-04-16,1046546.9499999997
2020-04-17,1049730.4499999997
2020-04-20,1062493.1999999997
2020-04-21,1035739.1999999998
2020-04-22,1039895.3999999998
2020-04-23,1043427.9499999997
2020-04-24,1038454.8999999997
2020-04-27,1050331.0999999999
2020-04-28,1057525.5499999998
2020-04-29,1069338.6499999997
2020-04-30,1077120.7499999998
2020-05-04,1049436.9499999997
2020-05-05,1048838.6499999997
2020-05-06,1046486.5499999999
2020-05-07,1046330.65
2020-05-08,1047989.8999999998
2020-05-11,1057041.7999999998
2020-05-12,1047504.1499999998
2020-05-13,1055609.5499999998
2020-05-14,1053040.9
2020-05-15,1057422.4499999997
2020-05-18,1030233.2499999998
2020-05-19,1029933.3499999999
2020-05-20,1036032.6999999997
2020-05-21,1037617.8999999997
2020-05-22,1037002.5499999999
2020-05-26,1042947.0999999996
2020-05-27,1041878.0499999998
2020-05-28,1052536.4999999998
2020-05-29,1059236.8499999996
2020-06-01,1070952.0999999999
2020-06-02,1077004.0499999998
2020-06-03,1079807.8499999999
2020-06-04,1072636.7499999998
2020-06-05,1091595.8499999999
2020-06-08,1091953.65
2020-06-09,1083088.7499999998
2020-06-10,1084837.15
2020-06-11,1070034.65
2020-06-12,1072630.65
2020-06-15,1062206.3
2020-06-16,1062481.45
2020-06-17,1060562.5999999996
2020-06-18,1069619.7999999998
2020-06-19,1086696.6
2020-06-22,1099908.0499999998
2020-06-23,1105098.75
2020-06-24,1088159.2999999998
2020-06-25,1099912.0999999999
2020-06-26,1103704.1500000001
2020-06-29,1097447.9999999998
2020-06-30,1091581.0999999999
2020-07-01,1093549.9999999998
2020-07-02,1094831.9499999997
2020-07-03,1100213.5999999996
2020-07-06,1119788.3999999997
2020-07-07,1123150.15
2020-07-08,1115393.5999999999
2020-07-09,1121470.25
2020-07-10,1111054.9
2020-07-13,1108053.9499999997
2020-07-14,1090242.4499999997
2020-07-15,1091779.9499999997
2020-07-16,1093214.2999999998
2020-07-17,1103531.7
2020-07-20,1113174.95
2020-07-21,1122342.15
2020-07-22,1125926.9
2020-07-23,1138075.6
2020-07-24,1132263.8
2020-07-27,1134590.7499999998
2020-07-28,1144285.05
2020-07-29,1147162.3499999996
2020-07-30,1146531.2999999998
2020-07-31,1160298.9499999997
2020-08-03,1155276.65
2020-08-04,1182178.5499999998
2020-08-05,1188223.15
2020-08-06,1210819.3499999999
2020-08-07,1232069.5499999998
2020-08-10,1242391.7999999998
2020-08-11,1231943.3499999999
2020-08-12,1226686.0499999996
2020-08-13,1237970.2999999996
2020-08-14,1225303.5999999999
2020-08-17,1235022.35
2020-08-18,1256426.1999999997
2020-08-19,1284815.8499999996
2020-08-20,1305710.6499999997
2020-08-21,1317639.0000000002
2020-08-24,1345479.25
2020-08-25,1381601.0999999996
2020-08-26,1356736.35
2020-08-27,1368439.9499999997
2020-08-28,1361790.5
2020-08-31,1314503.35
2020-09-01,1314726.3999999997
2020-09-02,1335014.7
2020-09-03,1339088.15
2020-09-04,1324836.9499999997
2020-09-07,1323923.55
2020-09-08,1303549.7499999998
2020-09-09,1302169.5999999996
2020-09-10,1321449.8
2020-09-11,1319702.7499999998
2020-09-14,1353453.5999999999
2020-09-15,1363737.6999999995
2020-09-16,1381506.4
2020-09-17,1390160.4999999998
2020-09-18,1387441.0999999996
2020-09-21,1350330.25
2020-09-22,1360277.45
2020-09-23,1357832.4499999997
2020-09-24,1345040.4999999995
2020-09-25,1368560.45
2020-09-28,1400127.15
2020-09-29,1398884.8999999994
2020-09-30,1405049.9499999997
2020-10-01,1418509.4499999997
2020-10-05,1440474.6999999997
2020-10-06,1442986.2999999998
2020-10-07,1449360.3499999999
2020-10-08,1450226.2499999998
2020-10-09,1438547.5
2020-10-12,1419738.2000000002
2020-10-13,1413662.3
2020-10-14,1407062.1499999997
2020-10-15,1388095.4999999998
2020-10-16,1394604.6499999997
2020-10-19,1404414.3499999999
2020-10-20,1407345.8
2020-10-21,1408689.1999999997
2020-10-22,1404624.5499999998
2020-10-23,1419089.1
2020-10-26,1402541.5499999996
2020-10-27,1417401.15
2020-10-28,1402802.2999999996
2020-10-29,1422643.5999999994
2020-10-30,1422435.0499999998
2020-11-02,1416660.05
2020-11-03,1428705.8999999997
2020-11-04,1441168.0499999998
2020-11-05,1452495.4499999997
2020-11-06,1462339.2499999998
2020-11-09,1467434.6499999997
2020-11-10,1463676.4999999998
2020-11-11,1471954.5499999996
2020-11-12,1488156.6499999997
2020-11-13,1514235.6499999997
2020-11-17,1568807.9999999998
2020-11-18,1574980.7499999998
2020-11-19,1566008.9999999998
2020-11-20,1575400.0
2020-11-23,1592471.1
2020-11-24,1597815.7
2020-11-25,1581174.0999999999
2020-11-26,1591107.4999999998
2020-11-27,1611563.6499999997
2020-12-01,1644428.6999999995
2020-12-02,1680998.2999999996
2020-12-03,1678447.45
2020-12-04,1687664.6
2020-12-07,1719806.9999999998
2020-12-08,1713830.3999999997
2020-12-09,1701074.4
2020-12-10,1688714.15
2020-12-11,1698584.6000000003
2020-12-14,1706785.0
2020-12-15,1703575.7499999995
2020-12-16,1712417.3999999997
2020-12-17,1708835.3
2020-12-18,1697727.6000000003
2020-12-21,1630015.1499999994
2020-12-22,1660177.8499999996
2020-12-23,1686650.9000000001
2020-12-24,1698793.4999999995
2020-12-28,1729000.2999999998
2020-12-29,1736877.35
2020-12-30,1726152.2999999998
2020-12-31,1724753.1
2021-01-01,1747113.3499999999
2021-01-04,1763740.8499999994
2021-01-05,1773740.85
2021-01-06,1760408.9000000001
2021-01-07,1799719.8000000003
2021-01-08,1807953.0499999998
2021-01-11,1804070.8
2021-01-12,1812711.35
2021-01-13,1815383.5999999992
2021-01-14,1810314.9999999998
2021-01-15,1794738.8499999996
2021-01-18,1761437.8
2021-01-19,1810747.2000000002
2021-01-20,1840890.2999999998
2021-01-21,1846576.7
2021-01-22,1856807.8
2021-01-25,1848062.4499999995
2021-01-27,1830136.3999999997
2021-01-28,1831422.8
2021-01-29,1806272.55
2021-02-01,1875955.0499999998
2021-02-02,1919238.65
2021-02-03,1953558.3999999997
2021-02-04,2034050.9499999997
2021-02-05,2019579.9999999998
2021-02-08,2080618.1
2021-02-09,2064755.3499999996
2021-02-10,2079661.75
2021-02-11,2096712.55
2021-02-12,2163554.1999999997
2021-02-15,2211283.55
2021-02-16,2231219.9499999993
2021-02-17,2240798.45
2021-02-18,2244488.15
2021-02-19,2197068.4
2021-02-22,2194421.15
2021-02-23,2183092.2499999995
2021-02-24,2216941.7499999995
2021-02-25,2264682.1999999997
2021-02-26,2230009.8499999996
2021-03-01,2266274.3999999994
2021-03-02,2290663.9
2021-03-03,2352805.65
2021-03-04,2364513.449999999
2021-03-05,2315696.2999999993
2021-03-08,2306898.9
2021-03-09,2296563.1999999997
2021-03-10,2304264.0999999996
2021-03-12,2295139.5499999993
2021-03-15,2274023.55
2021-03-16,2292883.8
2021-03-17,2244789.8499999996
2021-03-18,2213924.0999999996
2021-03-19,2264217.4499999997
2021-03-22,2343999.2999999993
2021-03-23,2408151.099999999
2021-03-24,2390930.75
2021-03-25,2362289.5500000003
2021-03-26,2399271.25
2021-03-30,2400093.75
2021-03-31,2393287.05
2021-04-01,2428108.05
2021-04-05,2394235.55
2021-04-06,2407922.55
2021-04-07,2419916.3499999996
2021-04-08,2457339.3499999996
2021-04-09,2456926.4999999995
2021-04-12,2369215.5000000005
2021-04-13,2387549.2499999995
2021-04-15,2384938.2
2021-04-16,2410466.4999999995
2021-04-19,2391528.099999999
2021-04-20,2404868.55
2021-04-22,2415678.2999999993
2021-04-23,2422644.3
2021-04-26,2435047.8
2021-04-27,2467466.4
2021-04-28,2474509.8999999994
2021-04-29,2478522.45
2021-04-30,2466554.3999999994
2021-05-03,2498033.9499999993
2021-05-04,2493644.1499999994
2021-05-05,2519922.4
2021-05-06,2551906.5999999996
2021-05-07,2567976.0499999993
2021-05-10,2578837.9499999993
2021-05-11,2618555.1499999994
2021-05-12,2617417.849999999
2021-05-14,2583734.9
2021-05-17,2606596.599999999
2021-05-18,2625859.749999999
2021-05-19,2613924.0999999996
2021-05-20,2613697.6999999997
2021-05-21,2615437.0999999996
2021-05-24,2651019.1499999994
2021-05-25,2641755.7499999995
2021-05-26,2645936.849999999
2021-05-27,2677190.9499999993
2021-05-28,2672531.5499999993
2021-05-31,2690393.5
2021-06-01,2692533.549999999
2021-06-02,2730342.9499999993
2021-06-03,2739453.7499999995
2021-06-04,2743244.3499999996
2021-06-07,2759641.299999999
2021-06-08,2766552.9999999995
2021-06-09,2750963.4499999993
2021-06-10,2774862.65
2021-06-11,2774599.599999999
2021-06-14,2753377.3499999996
2021-06-15,2765659.3999999994
2021-06-16,2741612.6999999997
2021-06-17,2708503.599999999
2021-06-18,2710276.1999999997
2021-06-21,2749914.0499999993
2021-06-22,2755909.6999999997
2021-06-23,2736994.4499999993
2021-06-24,2757490.049999999
2021-06-25,2787248.599999999
2021-06-28,2787303.399999999
2021-06-29,2789387.25
2021-06-30,2810370.849999999
2021-07-01,2814331.0999999996
2021-07-02,2809007.5999999996
2021-07-05,2817420.8999999994
2021-07-06,2814883.4499999997
2021-07-07,2822396.35
2021-07-08,2819493.0499999993
2021-07-09,2821009.599999999
2021-07-12,2830436.5500000003
2021-07-13,2843589.7999999993
2021-07-14,2829678.1499999994
2021-07-15,2827667.5499999993
2021-07-16,2814628.7499999995
2021-07-19,2824803.2999999993
2021-07-20,2818116.3
2021-07-22,2840446.7499999995
2021-07-23,2880070.9000000004
2021-07-26,2901421.1999999997
2021-07-27,2891599.499999999
2021-07-28,2916185.6999999997
2021-07-29,2900951.449999999
2021-07-30,2911925.5499999993
2021-08-02,2928953.5999999996
2021-08-03,2930328.6000000006
2021-08-04,2894681.1499999994
2021-08-05,2871289.0499999993
2021-08-06,2889915.0499999993
2021-08-09,2866858.8
2021-08-10,2831188.049999999
2021-08-11,2815948.6999999997
2021-08-12,2863794.75
2021-08-13,2878305.249999999
2021-08-16,2885239.55
2021-08-17,2912785.8999999994
2021-08-18,2896602.3999999994
2021-08-20,2856823.9499999993
2021-08-23,2814692.1999999997
2021-08-24,2859389.749999999
2021-08-25,2859636.2999999993
2021-08-26,2854095.55
2021-08-27,2879261.8499999996
2021-08-30,2901595.1999999993
2021-08-31,2922564.949999999
2021-09-01,2930547.4499999997
2021-09-02,2939390.75
2021-09-03,2936504.4499999993
2021-09-06,2943504.3999999994
2021-09-07,2927428.649999999
2021-09-08,2929739.0999999996
2021-09-09,2924769.399999999
2021-09-13,2944332.1
2021-09-14,2958530.2999999993
2021-09-15,2959621.0499999993
2021-09-16,2956442.3499999996
2021-09-17,2932594.1999999997
2021-09-20,2900045.199999999
2021-09-21,2907173.6999999997
2021-09-22,2928862.25
2021-09-23,2958072.7
2021-09-24,2934423.9499999997
2021-09-27,2946099.349999999
2021-09-28,2915161.649999999
2021-09-29,2915767.5499999993
2021-09-30,2921308.1999999993
2021-10-01,2921522.9999999995
2021-10-04,2968114.8999999994
2021-10-05,2979931.0999999996
2021-10-06,2949373.699999999
2021-10-07,2975499.449999999
2021-10-08,2973296.7999999993
2021-10-11,2979671.399999999
2021-10-12,2967702.0999999996
2021-10-13,2968477.0499999993
2021-10-14,2986215.349999999
2021-10-18,2995472.3999999994
2021-10-19,2941897.599999999
2021-10-20,2899751.649999999
2021-10-21,2898907.9499999993
2021-10-22,2913470.55
2021-10-25,2896334.15
2021-10-26,2916560.8
2021-10-27,2924531.2499999995
2021-10-28,2884499.4499999993
2021-10-29,2877905.6499999994
2021-11-01,2897523.5999999996
2021-11-02,2911568.65
2021-11-03,2916655.099999999
2021-11-04,2935255.749999999
2021-11-08,2966675.5999999996
2021-11-09,2988536.8
2021-11-10,2981397.2999999993
2021-11-11,2974348.3499999996
2021-11-12,2998986.8499999996
2021-11-15,3004059.9999999995
2021-11-16,2985668.7499999995
2021-11-17,3002520.25
2021-11-18,2963866.15
2021-11-22,2897176.8499999996
2021-11-23,2943168.1999999997
2021-11-24,2945134.15
2021-11-25,2999423.799999999
2021-11-26,2932297.0999999996
2021-11-29,2915071.4
2021-11-30,2911208.8
2021-12-01,2914790.9499999993
2021-12-02,2964680.1
2021-12-03,2953591.4999999995
2021-12-06,2911066.149999999
2021-12-07,2935088.0999999996
2021-12-08,2957466.9999999995
2021-12-09,2975358.399999999
2021-12-10,2978661.15
2021-12-13,2979706.6999999997
2021-12-14,2972318.8999999994
2021-12-15,2959651.0
2021-12-16,2949300.749999999
2021-12-17,2896828.7999999993
2021-12-20,2839401.8499999996
2021-12-21,2864010.75
2021-12-22,2907924.05
2021-12-23,2915583.5499999993
2021-12-24,2917633.2999999993
2021-12-27,2929411.099999999
2021-12-28,2961961.4
2021-12-29,2959516.85
2021-12-30,2953768.1999999997
2021-12-31,2978747.9999999995
2022-01-03,2995525.45
2022-01-04,2983553.5999999996
2022-01-05,2983171.7999999993
2022-01-06,2977198.4999999995
2022-01-07,3000669.4499999993
2022-01-10,3041050.8499999996
2022-01-11,3071856.9
2022-01-12,3067885.3000000003
2022-01-13,3070179.4499999997
2022-01-14,3082217.2999999993
2022-01-17,3137283.25
2022-01-18,3098646.3499999996
2022-01-19,3122867.6999999997
2022-01-20,3153167.8999999994
2022-01-21,3104772.1999999993
2022-01-24,3038116.9999999995
2022-01-25,3032758.799999999
2022-01-27,2990632.8499999996
2022-01-28,2999073.6999999993
2022-01-31,3022589.1999999997
2022-02-01,3054787.9499999993
2022-02-02,3112039.1999999997
2022-02-03,3074026.8000000003
2022-02-04,3083036.4499999997
2022-02-07,3049366.3
2022-02-08,3017839.5499999993
2022-02-09,3056079.4
2022-02-10,3065839.6499999994
2022-02-11,3020127.6999999997
2022-02-14,2933122.3999999994
2022-02-15,2986235.5499999993
2022-02-16,2977368.9499999993
2022-02-17,2972930.8999999994
2022-02-18,2941230.1999999997
2022-02-21,2908877.1999999997
2022-02-22,2871653.5999999996
2022-02-23,2885890.75
2022-02-24,2749211.4999999986
2022-02-25,2836406.75
2022-02-28,2847999.6500000004
2022-03-02,2865854.4000000004
2022-03-03,2856596.499999999
2022-03-04,2815368.999999999
2022-03-07,2770328.6999999997
2022-03-08,2789427.6
2022-03-09,2827542.9
2022-03-10,2884329.1999999993
2022-03-11,2875504.1500000004
2022-03-14,2875765.6999999997
2022-03-15,2861915.9999999995
2022-03-16,2947053.299999999
2022-03-17,2948517.05
2022-03-21,2946002.9499999997
2022-03-22,2941110.3999999994
2022-03-23,2929958.75
2022-03-24,2938059.599999999
2022-03-25,2933529.2999999993
2022-03-28,2924006.9999999995
2022-03-29,2929359.5999999996
2022-03-30,2943683.05
2022-03-31,2938319.25
2022-04-01,2955927.15
2022-04-04,3004109.9999999995
2022-04-05,3020361.4500000007
2022-04-06,3020481.7500000005
2022-04-07,3048321.7999999993
2022-04-08,3065239.9
2022-04-11,3074654.7999999993
2022-04-12,3043886.0000000005
2022-04-13,3060968.5999999996
2022-04-18,3060219.15
2022-04-19,3057495.399999999
2022-04-20,3062767.899999999
2022-04-21,3075758.349999999
2022-04-22,3070753.7999999993
2022-04-25,3045335.8999999994
2022-04-26,3041860.6999999993
2022-04-27,3027803.149999999
2022-04-28,3038763.9999999986
2022-04-29,3023766.8000000003
2022-05-02,3018381.899999999
2022-05-04,2969638.4499999993
2022-05-05,2981268.5999999996
2022-05-06,2955934.0499999993
2022-05-09,2951228.1499999994
2022-05-10,2922147.35
2022-05-11,2906890.4
2022-05-12,2877144.2499999995
2022-05-13,2885341.95
2022-05-16,2871199.65
2022-05-17,2917899.399999999
2022-05-18,2902623.1999999993
2022-05-19,2875413.2499999995
2022-05-20,2904853.9499999993
2022-05-23,2899121.5999999996
2022-05-24,2884632.099999999
2022-05-25,2853288.5999999996
2022-05-26,2876958.299999999
2022-05-27,2900499.1999999993
2022-05-30,2935316.4499999993
2022-05-31,2956791.599999999
2022-06-01,2964109.9499999993
2022-06-02,2979212.15
2022-06-03,2955989.749999999
2022-06-06,2952412.349999999
2022-06-07,2934544.6999999993
2022-06-08,2923624.1999999997
2022-06-09,2935102.2999999993
2022-06-10,2929372.7499999995
2022-06-13,2882988.2999999993
2022-06-14,2892782.15
2022-06-15,2914213.4999999995
2022-06-16,2865545.0999999996
2022-06-17,2851848.4999999995
2022-06-20,2831328.699999999
2022-06-21,2877128.2999999993
2022-06-22,2845970.9499999997
2022-06-23,2867045.8999999985
2022-06-24,2895382.7999999993
2022-06-27,2925300.799999999
2022-06-28,2917381.449999999
2022-06-29,2910299.849999999
2022-06-30,2901527.9
2022-07-01,2915847.4
2022-07-04,2925537.299999999
2022-07-05,2907480.599999999
2022-07-06,2940752.6499999994
2022-07-07,2957980.099999999
2022-07-08,2966912.399999999
2022-07-11,2990865.849999999
2022-07-12,2979605.9499999993
2022-07-13,2966862.749999999
2022-07-14,2970213.599999998
2022-07-15,2979842.749999999
2022-07-18,3002442.149999999
2022-07-19,3027162.1999999993
2022-07-20,3034586.7999999993
2022-07-21,3100350.3999999994
2022-07-22,3110127.3
2022-07-25,3110240.9499999993
2022-07-26,3091913.55
2022-07-27,3104343.15
2022-07-28,3117060.499999999
2022-07-29,3162184.8999999985
2022-08-01,3198808.849999999
2022-08-02,3204811.6500000004
2022-08-03,3208367.9499999993
2022-08-04,3213927.149999999
2022-08-05,3201662.1499999994
2022-08-08,3219455.649999999
2022-08-10,3236696.1
2022-08-11,3245893.75
2022-08-12,3249265.849999999
2022-08-16,3276574.4499999993
2022-08-17,3279879.399999999
2022-08-18,3281843.15
2022-08-19,3272849.6499999994
2022-08-22,3226952.85
2022-08-23,3242199.2499999995
2022-08-24,3277596.749999999
2022-08-25,3277389.4999999986
2022-08-26,3284247.9499999993
2022-08-29,3296475.3999999985
2022-08-30,3350393.1999999997
2022-09-01,3366599.4
2022-09-02,3383839.8499999987
2022-09-05,3382272.1499999994
2022-09-06,3399560.2499999995
2022-09-07,3412202.6999999997
2022-09-08,3458090.149999999
2022-09-09,3455973.1999999993
2022-09-12,3479728.0499999984
2022-09-13,3485168.749999999
2022-09-14,3494899.2499999986
2022-09-15,3498973.099999999
2022-09-16,3434402.1999999993
2022-09-19,3469318.6499999994
2022-09-20,3498367.2999999993
2022-09-21,3455796.1999999993
2022-09-22,3495933.099999999
2022-09-23,3465984.6999999997
2022-09-26,3367202.2499999995
2022-09-27,3345503.849999999
2022-09-28,3325561.499999999
2022-09-29,3314284.4999999995
2022-09-30,3344269.25
2022-10-03,3282865.6499999994
2022-10-04,3329897.6999999997
2022-10-06,3375296.7999999993
2022-10-07,3371049.849999998
2022-10-10,3367036.449999999
2022-10-11,3326123.0
2022-10-12,3326966.6999999993
2022-10-13,3319667.5999999996
2022-10-14,3320535.7499999995
2022-10-17,3326301.849999999
2022-10-18,3340633.7499999986
2022-10-19,3341351.4
2022-10-20,3343048.8499999996
2022-10-21,3321662.7999999993
2022-10-24,3335028.3999999994
2022-10-25,3334014.299999999
2022-10-27,3367883.4499999993
2022-10-28,3372771.249999999
2022-10-31,3390499.55
2022-11-01,3433747.1499999994
2022-11-02,3431638.0499999993
2022-11-03,3429773.1499999994
2022-11-04,3430346.7499999986
2022-11-07,3435243.199999999
2022-11-09,3435815.7
2022-11-10,3423263.1499999994
2022-11-11,3430677.7999999993
2022-11-14,3433206.3
2022-11-15,3452251.7999999993
2022-11-16,3408819.3499999996
2022-11-17,3392116.85
2022-11-18,3381041.6
2022-11-21,3370115.249999998
2022-11-22,3375821.7499999986
2022-11-23,3385459.0499999993
2022-11-24,3381964.149999999
2022-11-25,3392133.2999999993
2022-11-28,3411660.999999999
2022-11-29,3394041.049999999
2022-11-30,3415087.9
2022-12-01,3424610.4499999997
2022-12-02,3446422.1499999994
2022-12-05,3439665.899999999
2022-12-06,3434236.899999998
2022-12-07,3429791.349999999
2022-12-08,3438310.05
2022-12-09,3416096.749999999
2022-12-12,3430669.5999999996
2022-12-13,3449051.65
2022-12-14,3443005.35
2022-12-15,3415095.7499999995
2022-12-16,3397715.0499999993
2022-12-19,3408071.0499999993
2022-12-20,3417696.4
2022-12-21,3371091.55
2022-12-22,3338657.7999999993
2022-12-23,3228967.3499999987
2022-12-26,3297074.15
2022-12-27,3317687.6999999997
2022-12-28,3310143.249999999
2022-12-29,3339970.5999999996
2022-12-30,3335973.7499999995
2023-01-02,3336344.249999999
2023-01-03,3341467.55
2023-01-04,3325405.099999999
2023-01-05,3354490.249999999
2023-01-06,3330397.499999999
2023-01-09,3343895.4499999997
2023-01-10,3318424.3499999996
2023-01-11,3314069.4499999993
2023-01-12,3324164.699999999
2023-01-13,3328063.0500000003
2023-01-16,3307745.6999999997
2023-01-17,3308039.9
2023-01-18,3329640.7999999993
2023-01-19,3296723.5999999996
2023-01-20,3292281.4
2023-01-23,3291977.3499999996
2023-01-24,3279542.1499999994
2023-01-25,3234253.9499999997
2023-01-27,3115847.749999999
2023-01-30,3166546.9499999993
2023-01-31,3208014.249999999
2023-02-01,3101930.7499999995
2023-02-02,3064574.7499999986
2023-02-03,3072040.9499999983
2023-02-06,3088977.9999999995
2023-02-07,3117342.0499999993
2023-02-08,3167667.049999999
2023-02-09,3155436.45
2023-02-10,3145415.15
2023-02-13,3113125.449999999
2023-02-14,3101465.8499999987
2023-02-15,3110615.2499999995
2023-02-16,3153235.8999999985
2023-02-17,3133819.9499999997
2023-02-20,3129172.1999999993
2023-02-21,3118230.4499999993
2023-02-22,3081137.3999999994
2023-02-23,3081280.45
2023-02-24,3065058.15
2023-02-27,3039350.9499999997
2023-02-28,3063416.399999999
2023-03-01,3092796.4499999997
2023-03-02,3089322.8999999994
2023-03-03,3129739.6
2023-03-06,3165968.25
2023-03-08,3206537.5999999996
2023-03-09,3181401.85
2023-03-10,3166255.4499999997
2023-03-13,3125023.349999999
2023-03-14,3113527.3
2023-03-15,3116970.6499999994
2023-03-16,3123020.199999999
2023-03-17,3150398.149999999
2023-03-20,3123115.7499999995
2023-03-21,3145284.8999999994
2023-03-22,3152426.8999999994
2023-03-23,3142215.4499999997
2023-03-24,3110681.75
2023-03-27,3080597.149999999
2023-03-28,3061240.9999999995
2023-03-29,3112019.449999999
2023-03-31,3126491.4999999995
2023-04-03,3140658.599999999
2023-04-05,3170456.0999999996
2023-04-06,3190735.0999999996
2023-04-10,3198226.2
2023-04-11,3200037.399999999
2023-04-12,3194155.2499999995
2023-04-13,3225787.449999999
2023-04-17,3233101.3999999994
2023-04-18,3233105.9
2023-04-19,3232890.549999999
2023-04-20,3234280.4499999983
2023-04-21,3221913.1499999994
2023-04-24,3235986.8999999985
2023-04-25,3231928.0999999987
2023-04-26,3225289.2499999995
2023-04-27,3234619.149999999
2023-04-28,3269056.0999999996
2023-05-02,3291968.4499999993
2023-05-03,3291977.3
2023-05-04,3310785.55
2023-05-05,3334251.0999999996
2023-05-08,3353519.4
2023-05-09,3353184.6999999997
2023-05-10,3325925.4999999995
2023-05-11,3341672.7999999993
2023-05-12,3330922.6000000006
2023-05-15,3312689.8999999985
2023-05-16,3316084.0999999987
2023-05-17,3332840.599999999
2023-05-18,3328993.4999999995
2023-05-19,3335882.45
2023-05-22,3369993.599999999
2023-05-23,3406089.499999999
2023-05-24,3401248.099999999
2023-05-25,3403114.2499999986
2023-05-26,3401141.6999999997
2023-05-29,3398771.799999999
2023-05-30,3382935.949999999
2023-05-31,3382289.5499999993
2023-06-01,3398232.949999999
2023-06-02,3395727.8
2023-06-05,3399722.6999999993
2023-06-06,3412505.149999999
2023-06-07,3431177.349999999
2023-06-08,3427416.199999999
2023-06-09,3421987.35
2023-06-12,3427818.2499999995
2023-06-13,3444662.8999999994
2023-06-14,3469586.1999999997
2023-06-15,3467100.5999999996
2023-06-16,3469560.6999999993
2023-06-19,3463305.0999999996
2023-06-20,3467373.349999999
2023-06-21,3470261.45
2023-06-22,3458361.849999999
2023-06-23,3406747.699999999
2023-06-26,3428979.3999999994
2023-06-27,3444512.499999999
2023-06-28,3451407.9999999995
2023-06-30,3452985.3
2023-07-03,3455771.949999999
2023-07-04,3442240.7499999995
2023-07-05,3452609.6499999994
2023-07-06,3474064.3499999996
2023-07-07,3461539.1999999997
2023-07-10,3472143.75
2023-07-11,3477476.3999999994
2023-07-12,3481266.3999999985
2023-07-13,3459239.749999999
2023-07-14,3479349.8499999996
2023-07-17,3506254.9
2023-07-18,3503987.9999999995
2023-07-19,3507141.1
2023-07-20,3521481.4499999997
2023-07-21,3520200.6999999997
2023-07-24,3555992.9499999997
2023-07-25,3606594.9999999995
2023-07-26,3613246.5999999996
2023-07-27,3621508.5499999993
2023-07-28,3625307.6499999994
2023-07-31,3664164.05
2023-08-01,3663075.599999999
2023-08-02,3648917.5499999993
2023-08-03,3668094.4499999993
2023-08-04,3666468.95
2023-08-07,3654495.5499999993
2023-08-08,3654258.4999999995
2023-08-09,3665482.3499999987
2023-08-10,3661883.9499999997
2023-08-11,3647833.45
2023-08-14,3655597.35
2023-08-16,3657684.3
2023-08-17,3682346.449999999
2023-08-18,3698431.5999999996
2023-08-21,3701620.8499999996
2023-08-22,3716050.099999999
2023-08-23,3709139.3999999994
2023-08-24,3696398.6
2023-08-25,3671956.4
2023-08-28,3683000.049999999
2023-08-29,3714411.4499999997
2023-08-30,3722280.099999999
2023-08-31,3703824.4999999995
2023-09-01,3706073.1499999994
2023-09-04,3704678.349999998
2023-09-05,3712763.049999999
2023-09-06,3719543.3999999994
2023-09-07,3721571.0999999996
2023-09-08,3718118.2999999993
2023-09-11,3738236.099999999
2023-09-12,3666953.6499999994
2023-09-13,3691988.5499999993
2023-09-14,3708805.8000000003
2023-09-15,3690122.6999999997
2023-09-18,3695278.699999999
2023-09-20,3728355.2
2023-09-21,3720452.5
2023-09-22,3704273.65
2023-09-25,3693001.2499999995
2023-09-26,3695232.6
2023-09-27,3731750.1999999997
2023-09-28,3712508.2499999995
2023-09-29,3711744.2999999993
2023-10-03,3703199.699999999
2023-10-04,3688207.849999999
2023-10-05,3707859.3
2023-10-06,3720142.749999999
2023-10-09,3660901.1999999997
2023-10-10,3696107.599999999
2023-10-11,3712326.3
2023-10-12,3726693.7499999986
2023-10-13,3769896.3999999994
2023-10-16,3757091.649999999
2023-10-17,3754652.1500000004
2023-10-18,3745603.15
2023-10-19,3739054.399999999
2023-10-20,3744820.3999999994
2023-10-23,3632010.349999999
2023-10-25,3622348.1
2023-10-26,3611431.25
2023-10-27,3666144.049999999
2023-10-30,3671122.6999999993
2023-10-31,3678189.3999999994
2023-11-01,3670928.1
2023-11-02,3687891.2999999993
2023-11-03,3737100.499999999
2023-11-06,3785016.1999999993
2023-11-07,3781625.4
2023-11-08,3802182.8
2023-11-09,3796593.849999999
2023-11-10,3810293.4499999997
2023-11-13,3831840.7499999995
2023-11-15,3867845.649999999
2023-11-16,3880882.1999999997
2023-11-17,3866062.4499999993
2023-11-20,3894756.2499999995
2023-11-21,3874236.749999999
2023-11-22,3868185.549999999
2023-11-23,3878418.999999999
2023-11-24,3892879.8
2023-11-28,3944641.999999999
2023-11-29,3961907.6999999993
2023-11-30,3967848.6499999985
2023-12-01,3959051.9
2023-12-04,3987030.5499999993
2023-12-05,4092452.6999999997
2023-12-06,4172902.5999999996
2023-12-07,4211883.499999999
2023-12-08,4188358.1499999994
2023-12-11,4194962.699999999
2023-12-12,4168835.399999999
2023-12-13,4142412.4499999997
2023-12-14,4175808.0499999993
2023-12-15,4186106.3500000006
2023-12-18,4183196.95
2023-12-19,4196058.949999999
2023-12-20,4079720.949999999
2023-12-21,4124873.8999999994
2023-12-22,4146802.8499999996
2023-12-26,4187147.9999999995
2023-12-27,4191836.9999999995
2023-12-28,4169927.95
2023-12-29,4205408.55
2024-01-01,4243065.65
2024-01-02,4293542.899999999
2024-01-03,4349964.199999999
2024-01-04,4386446.949999999
2024-01-05,4429117.299999999
2024-01-08,4423985.999999998
2024-01-09,4450655.3999999985
2024-01-10,4460926.35
2024-01-11,4483784.899999999
2024-01-12,4473327.45
2024-01-15,4468381.699999999
2024-01-16,4411870.5
2024-01-17,4356516.849999999
2024-01-18,4327757.449999999
2024-01-19,4358023.249999998
2024-01-23,4294081.699999999
2024-01-24,4333937.399999999
2024-01-25,4338770.85
2024-01-29,4372564.299999998
2024-01-30,4351427.949999999
2024-01-31,4412350.45
2024-02-01,4413251.65
2024-02-02,4416638.3999999985
2024-02-05,4403577.45
2024-02-06,4441647.649999999
2024-02-07,4491732.749999998
2024-02-08,4443020.6499999985
2024-02-09,4434687.25
2024-02-12,4352889.549999999
2024-02-13,4363466.15
2024-02-14,4387494.249999999
2024-02-15,4423696.249999999
2024-02-16,4439765.699999998
2024-02-19,4485009.199999999
2024-02-20,4473881.049999999
2024-02-21,4432773.1499999985
2024-02-22,4430521.249999998
2024-02-23,4442606.1499999985
2024-02-26,4455296.2
2024-02-27,4445834.0
2024-02-28,4395355.6
2024-02-29,4415078.100000001
2024-03-01,4441132.949999999
2024-03-04,4444604.299999999
2024-03-05,4440933.5
2024-03-06,4402809.35
2024-03-07,4423487.499999998
2024-03-11,4389722.899999999
2024-03-12,4320259.0
2024-03-13,4157808.6999999993
2024-03-14,4279395.3
2024-03-15,4256768.649999999
2024-03-18,4243838.449999999
2024-03-19,4195329.299999999
2024-03-20,4184799.6499999994
2024-03-21,4220093.949999999
2024-03-22,4246824.6
2024-03-26,4249205.899999999
2024-03-27,4248798.800000001
2024-03-28,4288353.25
2024-04-01,4368517.85
2024-04-02,4409389.399999999
2024-04-03,4435146.749999999
2024-04-04,4438416.249999999
2024-04-05,4449173.749999999
2024-04-08,4438533.1
2024-04-09,4461082.199999999
2024-04-10,4459497.350000001
2024-04-11,4351013.369999999
2024-04-12,4454206.999999999
2024-04-15,4420250.4
2024-04-16,4428807.85
2024-04-17,4288663.27
2024-04-18,4422208.95
2024-04-19,4413504.3
2024-04-22,4430047.55
2024-04-23,4464101.149999999
2024-04-24,4469636.5
2024-04-25,4476785.700000001
2024-04-26,4472863.099999999
2024-04-29,4466986.199999999
2024-04-30,4472308.149999999
2024-05-01,4378931.77
2024-05-02,4479658.449999999
2024-05-03,4465620.749999999
2024-05-06,4440021.799999999
2024-05-07,4417134.399999999
2024-05-08,4412742.3
2024-05-09,4363759.35
2024-05-10,4383387.399999999
2024-05-13,4392866.249999999
2024-05-14,4457293.699999999
2024-05-15,4459193.999999999
2024-05-16,4478533.199999999
2024-05-17,4491033.199999999
2024-05-20,4378931.77
2024-05-21,4495636.1
2024-05-22,4512588.949999999
2024-05-23,4531617.7
2024-05-24,4526980.35
2024-05-27,4521535.5
2024-05-28,4498522.1
2024-05-29,4513620.149999999
2024-05-30,4482691.549999999
2024-05-31,4494535.899999999
2024-06-03,4578236.199999999
2024-06-04,4358333.199999999
2024-06-05,4457035.499999999
2024-06-06,4517697.449999998
2024-06-07,4544361.0
2024-06-10,4560417.78
2024-06-11,4583469.37
2024-06-12,4595318.199999999
2024-06-13,4594163.919999999
2024-06-14,4613306.489999999
2024-06-17,4436863.42
2024-06-18,4630632.829999999
2024-06-19,4625900.02
2024-06-20,4614833.94
2024-06-21,4612459.2299999995
2024-06-24,4614528.919999999
2024-06-25,4610871.959999999
2024-06-26,4619227.739999999
2024-06-27,4593220.8
2024-06-28,4599910.819999999
2024-07-01,4634531.55
2024-07-02,4633178.3999999985
2024-07-03,4616586.06
2024-07-04,4621366.78
2024-07-05,4628728.4799999995
2024-07-08,4615658.519999999
2024-07-09,4611370.87
2024-07-10,4600560.499999999
2024-07-11,4602377.759999999
2024-07-12,4596034.049999999
2024-07-15,4611667.34
2024-07-16,4607265.9399999995
2024-07-17,4477138.619999999
2024-07-18,4580298.09
2024-07-19,4526762.14
2024-07-22,4543033.919999999
2024-07-23,4545689.319999999
2024-07-24,4577236.470000001
2024-07-25,4562007.27
2024-07-26,4581060.52
2024-07-29,4587476.8
2024-07-30,4603072.539999999
2024-07-31,4612059.979999999
2024-08-01,4617880.749999999
2024-08-02,4617666.89
2024-08-05,4539214.010000001
2024-08-06,4516148.069999999
2024-08-07,4543054.789999998
2024-08-08,4540618.72
2024-08-09,4556901.57
2024-08-12,4535245.75
2024-08-13,4505144.069999998
2024-08-14,4521982.199999999
2024-08-15,4477138.619999999
2024-08-16,4532311.399999999
2024-08-19,4555592.639999999
2024-08-20,4606215.039999999
2024-08-21,4640488.999999999
2024-08-22,4651710.369999998
2024-08-23,4632961.859999999
2024-08-26,4648749.17
2024-08-27,4650492.9799999995
2024-08-28,4640908.349999999
2024-08-29,4650608.249999999
2024-08-30,4659747.999999998
2024-09-02,4658636.43
2024-09-03,4652956.649999999
2024-09-04,4651040.15
2024-09-05,4673010.539999999
2024-09-06,4634357.239999999
2024-09-09,4630567.239999998
2024-09-10,4640214.27
2024-09-11,4629539.99
2024-09-12,4640648.9
2024-09-13,4645676.199999999
2024-09-16,4657959.849999999
2024-09-17,4653077.699999999
2024-09-18,4655014.199999998
2024-09-19,4639422.199999999
2024-09-20,4645464.449999999
2024-09-23,4680365.049999999
2024-09-24,4680405.699999998
2024-09-25,4668810.149999999
2024-09-26,4660171.999999999
2024-09-27,4660641.2
2024-09-30,4671874.399999999
2024-10-01,4683373.599999999
2024-10-02,4577881.85
2024-10-03,4677702.899999999
2024-10-04,4657104.749999999
2024-10-07,4626618.549999998
2024-10-08,4645965.199999999
2024-10-09,4666494.8999999985
2024-10-10,4655974.999999999
2024-10-11,4649356.199999998
2024-10-14,4661500.549999999
2024-10-15,4673094.3
2024-10-16,4706633.249999999
2024-10-17,4680686.249999999
2024-10-18,4688872.099999999
2024-10-21,4692323.85
2024-10-22,4633814.649999999
2024-10-23,4664297.549999999
2024-10-24,4665131.549999999
2024-10-25,4635325.949999999
2024-10-28,4655023.949999998
2024-10-29,4664977.349999999
2024-10-30,4651627.699999998
2024-10-31,4678162.249999998
2024-11-01,4696160.649999999
2024-11-04,4669249.8999999985
2024-11-05,4685685.599999999
2024-11-06,4695054.3
2024-11-07,4690133.8
2024-11-08,4665153.449999997
2024-11-11,4652277.0
2024-11-12,4656350.6499999985
2024-11-13,4633638.75
2024-11-14,4646173.999999999
2024-11-15,4577881.85
2024-11-18,4653287.599999999
2024-11-19,4656269.45
2024-11-20,4577881.85
2024-11-21,4658595.349999999
2024-11-22,4669817.099999999
2024-11-25,4689966.1
2024-11-26,4687762.55
2024-11-27,4700227.55
2024-11-28,4686482.749999999
2024-11-29,4693190.6
2024-12-02,4705232.099999999
2024-12-03,4709428.95
2024-12-04,4699562.549999999
2024-12-05,4696407.449999999
2024-12-06,4686636.999999999
2024-12-09,4695982.949999999
2024-12-10,4686787.449999999
2024-12-11,4681124.099999999
2024-12-12,4667583.149999999
2024-12-13,4667551.0
2024-12-16,4670062.1
2024-12-17,4654300.949999998
2024-12-18,4639912.55
2024-12-19,4638263.049999999
2024-12-20,4618318.05
2024-12-23,4635329.8999999985
2024-12-24,4665945.749999998
2024-12-25,4589177.85
2024-12-26,4634550.35
2024-12-27,4633578.749999999
2024-12-30,4636270.449999998
2024-12-31,4640233.749999999
2025-01-01,4654617.649999999
2025-01-02,4649486.499999999
2025-01-03,4653819.899999999
2025-01-06,4637704.649999999
2025-01-07,4657944.849999999
2025-01-08,4639352.849999999
2025-01-09,4637844.75
2025-01-10,4642353.85
2025-01-13,4611109.649999999
2025-01-14,4605972.249999999
2025-01-15,4612029.649999999
2025-01-16,4610937.649999999
2025-01-17,4607376.85
2025-01-20,4625209.249999999
2025-01-21,4603427.35
2025-01-22,4587697.049999999
2025-01-23,4598047.85
2025-01-24,4601801.749999999
2025-01-27,4576034.449999999
2025-01-28,4576980.449999999
2025-01-29,4577806.15
2025-01-30,4572168.649999999
2025-01-31,4577559.449999999
2025-02-03,4586179.1499999985
2025-02-04,4602609.649999999
2025-02-05,4605104.949999999
2025-02-06,4617789.649999999
2025-02-07,4630644.049999999
2025-02-10,4626060.149999999
2025-02-11,4600277.35
2025-02-12,4588267.049999999
2025-02-13,4589402.749999999
2025-02-14,4577769.6499999985
2025-02-17,4586286.449999999
2025-02-18,4576836.949999999
2025-02-19,4580521.349999999
2025-02-20,4589930.35
2025-02-21,4590099.45
2025-02-24,4586281.149999999
2025-02-25,4587714.6499999985
2025-02-26,4606771.05
2025-02-27,4581829.35
2025-02-28,4567104.649999999
2025-03-03,4560926.85
2025-03-04,4566446.749999999
2025-03-05,4578610.749999999
2025-03-06,4589834.749999999
2025-03-07,4591727.749999999
2025-03-10,4593811.75
2025-03-11,4583861.55
2025-03-12,4580564.35
2025-03-13,4576624.649999999
2025-03-14,4606771.05
2025-03-17,4585629.75
2025-03-18,4592356.45
2025-03-19,4608792.749999999
2025-03-20,4618822.349999999
2025-03-21,4611485.549999999
2025-03-24,4616123.649999999
2025-03-25,4611130.249999999
2025-03-26,4610862.049999999
2025-03-27,4624341.749999999
2025-03-28,4621244.1499999985
2025-03-31,4625394.449999999
2025-04-01,4621921.749999999
2025-04-02,4621776.549999999
2025-04-03,4623228.549999999
2025-04-04,4619453.349999999
2025-04-07,4616755.049999999
2025-04-08,4618824.1499999985
2025-04-09,4616912.349999999
2025-04-10,4616912.349999999
2025-04-11,4616912.349999999
2025-04-14,4616912.349999999
2025-04-15,4616912.349999999
2025-04-16,4616912.349999999
2025-04-17,4616912.349999999
