,predicted_return,actual_return,prediction_date,end_date,predicted_return_pct,actual_return_pct
AARTIDRUGS,0.22554833,-0.27399207880572773,2024-04-17,2025-04-17,22.554832,-27.399207880572774
AARTIIND,0.5267946,-0.4488107549120993,2024-04-17,2025-04-17,52.679462,-44.881075491209934
AARTIPHARM,0.4982597,0.565514297908664,2024-04-17,2025-04-17,49.82597,56.5514297908664
AAVAS,0.51986116,0.3239372138652714,2024-04-17,2025-04-17,51.986115,32.39372138652714
ACE,0.65288836,-0.11984844693855656,2024-04-17,2025-04-17,65.28883,-11.984844693855656
ADANIENSOL,0.5267946,-0.11995186522262336,2024-04-17,2025-04-17,52.679462,-11.995186522262335
ADANIENT,1.1546984,-0.19911900109296865,2024-04-17,2025-04-17,115.46983,-19.911900109296866
ADANIGREEN,0.58874476,-0.46652961221098876,2024-04-17,2025-04-17,58.874477,-46.65296122109888
ADANIPORTS,-1.916793,-0.027903207132105923,2024-04-17,2025-04-17,-191.6793,-2.7903207132105923
ADANIPOWER,1.1112361,-0.08092292258819589,2024-04-17,2025-04-17,111.12361,-8.092292258819588
ATGL,0.5267946,-0.3389664728576862,2024-04-17,2025-04-17,52.679462,-33.89664728576862
AWL,0.34096155,-0.1539262343842951,2024-04-17,2025-04-17,34.096153,-15.39262343842951
ABCAPITAL,0.71318257,-0.018667987125526087,2024-04-17,2025-04-17,71.31826,-1.8667987125526087
ABFRL,0.31009266,0.1586507072905332,2024-04-17,2025-04-17,31.009266,15.865070729053322
ABREL,0.9313812,0.04599546133835153,2024-04-17,2025-04-17,93.13812,4.599546133835153
ABSLAMC,0.34521928,0.2283920337486509,2024-04-17,2025-04-17,34.521927,22.839203374865093
ADVENZYMES,0.34521928,-0.18956425201221205,2024-04-17,2025-04-17,34.521927,-18.956425201221204
AEGISLOG,0.63592845,0.5616628633793035,2024-04-17,2025-04-17,63.592846,56.16628633793035
AETHER,0.52051514,-0.019542816534407148,2024-04-17,2025-04-17,52.051514,-1.9542816534407148
AFFLE,0.53010863,0.4471033909267301,2024-04-17,2025-04-17,53.010864,44.71033909267301
AHLUCONT,0.34096155,-0.1437184065297037,2024-04-17,2025-04-17,34.096153,-14.37184065297037
AJANTPHARM,0.52051514,0.29619741684104195,2024-04-17,2025-04-17,52.051514,29.619741684104195
APLLTD,0.9313812,-0.08715965845013696,2024-04-17,2025-04-17,93.13812,-8.715965845013695
ALKEM,0.23242882,0.06503112334304473,2024-04-17,2025-04-17,23.242882,6.503112334304473
ALKYLAMINE,0.90089583,-0.0771558245083207,2024-04-17,2025-04-17,90.089584,-7.71558245083207
ALLCARGO,-3.2743025,-0.6,2024-04-17,2025-04-17,-327.43024,-60.0
ALOKINDS,0.22554833,-0.4383275261324041,2024-04-17,2025-04-17,22.554832,-43.83275261324041
AMBER,1.110133,0.8624474219337586,2024-04-17,2025-04-17,111.013306,86.24474219337586
AMBUJACEM,0.77950466,-0.07387240958959784,2024-04-17,2025-04-17,77.95046,-7.387240958959785
AMIORG,0.6136729,0.9268171257882507,2024-04-17,2025-04-17,61.36729,92.68171257882507
ANANDRATHI,0.65288836,-0.1619825523791112,2024-04-17,2025-04-17,65.28883,-16.19825523791112
ANANTRAJ,0.9313812,0.41209037857249764,2024-04-17,2025-04-17,93.13812,41.20903785724976
ANGELONE,0.3236178,-0.15633056430822123,2024-04-17,2025-04-17,32.36178,-15.633056430822123
ANURAS,0.4982597,-0.05151837409901916,2024-04-17,2025-04-17,49.82597,-5.1518374099019155
APARINDS,0.43903124,-0.30020768950775445,2024-04-17,2025-04-17,43.903126,-30.020768950775444
PARKHOTELS,0.53747517,-0.23640383198231396,2024-04-17,2025-04-17,53.747517,-23.640383198231397
APOLLOHOSP,0.6136729,0.16452507758287171,2024-04-17,2025-04-17,61.36729,16.452507758287172
APOLLOTYRE,0.40854594,-0.04532967032967028,2024-04-17,2025-04-17,40.854595,-4.5329670329670275
APTUS,0.31473413,0.022623002689447835,2024-04-17,2025-04-17,31.473413,2.2623002689447835
ACI,0.52051514,-0.03234848484848485,2024-04-17,2025-04-17,52.051514,-3.234848484848485
ARVINDFASN,0.43903124,-0.06907378335949754,2024-04-17,2025-04-17,43.903126,-6.907378335949755
ARVIND,0.5085072,0.19370967741935496,2024-04-17,2025-04-17,50.85072,19.370967741935495
ASAHIINDIA,0.52051514,0.15920743895020428,2024-04-17,2025-04-17,52.051514,15.92074389502043
ASHOKLEY,1.110133,0.2903948143783146,2024-04-17,2025-04-17,111.013306,29.039481437831462
ASHOKA,1.0836163,0.13919671650542353,2024-04-17,2025-04-17,108.361626,13.919671650542353
ASIANPAINT,0.21202314,-0.12102432596075074,2024-04-17,2025-04-17,21.202314,-12.102432596075074
ASTERDM,1.0998856,-0.042736680720582565,2024-04-17,2025-04-17,109.988556,-4.273668072058257
ASTRAMICRO,0.65288836,0.10409323070282728,2024-04-17,2025-04-17,65.28883,10.409323070282728
ASTRAL,0.22554833,-0.3424740245037612,2024-04-17,2025-04-17,22.554832,-34.24740245037612
ATUL,0.3236178,-0.034262352211201,2024-04-17,2025-04-17,32.36178,-3.4262352211200997
AUROPHARMA,0.425506,0.051233737101839205,2024-04-17,2025-04-17,42.5506,5.1233737101839205
AVALON,0.63592845,0.6234084231145935,2024-04-17,2025-04-17,63.592846,62.340842311459355
AXISBANK,0.2708772,0.16289062499999996,2024-04-17,2025-04-17,27.08772,16.289062499999996
BEML,-1.3236417,-0.09861441242970614,2024-04-17,2025-04-17,-132.36417,-9.861441242970614
BLS,0.79781073,0.18009768009768012,2024-04-17,2025-04-17,79.781075,18.009768009768013
BSE,1.2402067,1.1326093991586066,2024-04-17,2025-04-17,124.020676,113.26093991586066
BAJAJ_AUTO,0.3236178,-0.11121456996220047,2024-04-17,2025-04-17,32.36178,-11.121456996220047
BAJAJCON,0.22554833,-0.2360799824214458,2024-04-17,2025-04-17,22.554832,-23.60799824214458
BAJAJELEC,0.5267946,-0.42143882596905413,2024-04-17,2025-04-17,52.679462,-42.143882596905414
BAJFINANCE,0.580496,0.32920849532872976,2024-04-17,2025-04-17,58.049603,32.92084953287298
BAJAJFINSV,0.580496,0.276930798669929,2024-04-17,2025-04-17,58.049603,27.693079866992896
BAJAJHIND,0.22554833,-0.37073170731707317,2024-04-17,2025-04-17,22.554832,-37.073170731707314
BAJAJHLDNG,0.6136729,0.5094315800106057,2024-04-17,2025-04-17,61.36729,50.943158001060574
BALAMINES,0.5267946,-0.4006986027944113,2024-04-17,2025-04-17,52.679462,-40.06986027944113
BALKRISIND,0.425506,0.07263263863602298,2024-04-17,2025-04-17,42.5506,7.263263863602298
BALMLAWRIE,0.34096155,-0.22607645875251514,2024-04-17,2025-04-17,34.096153,-22.607645875251514
BALRAMCHIN,0.6300513,0.5033229350332296,2024-04-17,2025-04-17,63.00513,50.33229350332296
BANCOINDIA,0.8285204,0.1482137109752173,2024-04-17,2025-04-17,82.85204,14.82137109752173
BANKBARODA,0.31047627,-0.06250965250965246,2024-04-17,2025-04-17,31.047626,-6.250965250965246
BANKINDIA,0.62868273,-0.1502177068214805,2024-04-17,2025-04-17,62.868275,-15.02177068214805
MAHABANK,0.78713024,-0.21108394458027713,2024-04-17,2025-04-17,78.71302,-21.108394458027714
BATAINDIA,0.53747517,-0.08860853708458927,2024-04-17,2025-04-17,53.747517,-8.860853708458926
BAYERCROP,0.70399886,-0.09990634343143256,2024-04-17,2025-04-17,70.39989,-9.990634343143256
BERGEPAINT,0.2708772,0.053692576080635934,2024-04-17,2025-04-17,27.08772,5.369257608063593
BEPL,0.5510003,0.10940423436730673,2024-04-17,2025-04-17,55.10003,10.940423436730672
BEL,0.6136729,0.27687648712956947,2024-04-17,2025-04-17,61.36729,27.687648712956946
BHARATFORG,0.3077846,-0.09947732254257291,2024-04-17,2025-04-17,30.77846,-9.947732254257291
BHEL,0.5267946,-0.10193522906793051,2024-04-17,2025-04-17,52.679462,-10.193522906793051
BPCL,1.1221411,0.012042062415196675,2024-04-17,2025-04-17,112.21411,1.2042062415196675
BHARTIARTL,0.7323173,0.4924748173019948,2024-04-17,2025-04-17,73.231735,49.24748173019948
BIKAJI,0.6605366,0.35931721194879107,2024-04-17,2025-04-17,66.05366,35.93172119487911
BIOCON,1.1535954,0.23989520958083843,2024-04-17,2025-04-17,115.35954,23.989520958083844
BIRLACORPN,0.5483961,-0.2495503139317835,2024-04-17,2025-04-17,54.83961,-24.955031393178352
BSOFT,0.58874476,-0.4679982817869416,2024-04-17,2025-04-17,58.874477,-46.799828178694156
BLUEDART,0.5510003,0.03938695061910136,2024-04-17,2025-04-17,55.10003,3.9386950619101357
BLUESTARCO,0.6239204,0.4345505018150757,2024-04-17,2025-04-17,62.392036,43.45505018150757
BBTC,1.1960887,0.25289136380111366,2024-04-17,2025-04-17,119.608864,25.289136380111366
BOMDYEING,0.96870637,-0.17410904660371618,2024-04-17,2025-04-17,96.870636,-17.410904660371617
BOROLTD,0.3236178,-0.09829997258020284,2024-04-17,2025-04-17,32.36178,-9.829997258020285
BORORENEW,0.52051514,0.004046632623566637,2024-04-17,2025-04-17,52.051514,0.4046632623566637
BOSCHLTD,0.43903124,-0.08084119488973762,2024-04-17,2025-04-17,43.903126,-8.084119488973762
BRIGADE,1.0836163,-0.04328836261283109,2024-04-17,2025-04-17,108.361626,-4.328836261283109
BRITANNIA,0.35311356,0.16178913738019185,2024-04-17,2025-04-17,35.311356,16.178913738019183
MAPMYINDIA,0.47453213,-0.09104481453834079,2024-04-17,2025-04-17,47.453213,-9.10448145383408
CCL,0.53747517,0.07801106913818856,2024-04-17,2025-04-17,53.747517,7.801106913818856
CESC,0.53747517,0.11106427818756592,2024-04-17,2025-04-17,53.747517,11.106427818756593
CGPOWER,0.43903124,0.17162839051129408,2024-04-17,2025-04-17,43.903126,17.16283905112941
CIEINDIA,0.45293066,-0.14606160843498028,2024-04-17,2025-04-17,45.293064,-14.606160843498028
CMSINFO,0.31009266,0.2130997516015165,2024-04-17,2025-04-17,31.009266,21.30997516015165
CRISIL,0.5510003,0.005262635289444928,2024-04-17,2025-04-17,55.10003,0.5262635289444928
CAMPUS,1.1960887,0.02743606002959198,2024-04-17,2025-04-17,119.608864,2.743606002959198
CANBK,0.3274363,-0.1772065124250215,2024-04-17,2025-04-17,32.74363,-17.72065124250215
CAPLIPOINT,0.5590766,0.4941891378655525,2024-04-17,2025-04-17,55.90766,49.41891378655525
CGCL,0.64220786,-0.2763723150357995,2024-04-17,2025-04-17,64.22079,-27.63723150357995
CARBORUNIV,0.22554833,-0.16914528517731653,2024-04-17,2025-04-17,22.554832,-16.914528517731654
CARTRADE,0.99766064,1.3251488095238093,2024-04-17,2025-04-17,99.76607,132.51488095238093
CEATLTD,1.0998856,0.2061666267273743,2024-04-17,2025-04-17,109.988556,20.61666267273743
CELLO,0.22554833,-0.310201937667795,2024-04-17,2025-04-17,22.554832,-31.020193766779503
CENTRALBK,0.34096155,-0.4135922330097087,2024-04-17,2025-04-17,34.096153,-41.35922330097087
CDSL,0.6664136,0.263570229434807,2024-04-17,2025-04-17,66.64136,26.3570229434807
CENTURYPLY,0.52051514,0.1309794096923198,2024-04-17,2025-04-17,52.051514,13.097940969231981
CERA,0.20947647,-0.20232982871810057,2024-04-17,2025-04-17,20.947647,-20.23298287181006
CHALET,0.90089583,-0.04061483890038431,2024-04-17,2025-04-17,90.089584,-4.061483890038431
CHAMBLFERT,0.4982597,0.8432070050622522,2024-04-17,2025-04-17,49.82597,84.32070050622522
CHEMPLASTS,0.5510003,-0.0659260035635677,2024-04-17,2025-04-17,55.10003,-6.592600356356771
CHENNPETRO,1.1546984,-0.3318467572940733,2024-04-17,2025-04-17,115.46983,-33.18467572940733
CHOICEIN,0.835178,0.7543916196615632,2024-04-17,2025-04-17,83.5178,75.43916196615632
CHOLAHLDNG,0.3862905,0.763061282123694,2024-04-17,2025-04-17,38.629047,76.3061282123694
CHOLAFIN,0.6136729,0.41875223453700405,2024-04-17,2025-04-17,61.36729,41.87522345370041
CIGNITITEC,0.57260174,-0.008817195562959568,2024-04-17,2025-04-17,57.260174,-0.8817195562959568
CIPLA,0.6136729,0.12461960958954954,2024-04-17,2025-04-17,61.36729,12.461960958954954
CLEAN,0.5510003,-0.10450374995241174,2024-04-17,2025-04-17,55.10003,-10.450374995241173
COALINDIA,0.43940553,-0.09062927496580031,2024-04-17,2025-04-17,43.94055,-9.06292749658003
COCHINSHIP,0.9313812,0.34508512316185014,2024-04-17,2025-04-17,93.13812,34.50851231618501
COFORGE,0.5510003,0.2675488294378614,2024-04-17,2025-04-17,55.10003,26.75488294378614
CAMS,0.61971146,0.21263703657431998,2024-04-17,2025-04-17,61.971146,21.263703657431996
CONCORDBIO,0.6664136,0.08681793795562864,2024-04-17,2025-04-17,66.64136,8.681793795562864
CONFIPET,0.22554833,-0.37850309510410807,2024-04-17,2025-04-17,22.554832,-37.85030951041081
CONCOR,0.22554833,-0.24346696964778447,2024-04-17,2025-04-17,22.554832,-24.346696964778445
COROMANDEL,0.4982597,0.8915081703723546,2024-04-17,2025-04-17,49.82597,89.15081703723547
CRAFTSMAN,0.5510003,0.09490948404756971,2024-04-17,2025-04-17,55.10003,9.49094840475697
CREDITACC,0.62868273,-0.21397257391365354,2024-04-17,2025-04-17,62.868275,-21.397257391365354
CROMPTON,0.3236178,0.11570109151973118,2024-04-17,2025-04-17,32.36178,11.570109151973117
CUMMINSIND,0.32488975,-0.07453465853619512,2024-04-17,2025-04-17,32.488976,-7.453465853619512
CYIENTDLM,0.34096155,-0.30640232540806445,2024-04-17,2025-04-17,34.096153,-30.640232540806444
CYIENT,0.45859623,-0.40907623140167415,2024-04-17,2025-04-17,45.859623,-40.907623140167416
DCMSHRIRAM,0.52051514,0.15069380702985802,2024-04-17,2025-04-17,52.051514,15.069380702985802
DCXINDIA,0.5510003,-0.20803457106274004,2024-04-17,2025-04-17,55.10003,-20.803457106274003
DLF,0.5548188,-0.21803632965364173,2024-04-17,2025-04-17,55.48188,-21.803632965364173
DOMS,0.3862905,0.6425203113459463,2024-04-17,2025-04-17,38.629047,64.25203113459463
DABUR,0.5510003,-0.0487248188945123,2024-04-17,2025-04-17,55.10003,-4.87248188945123
DALBHARAT,0.580496,-0.04997434581836846,2024-04-17,2025-04-17,58.049603,-4.9974345818368455
DATAMATICS,0.4982597,0.025918283120099028,2024-04-17,2025-04-17,49.82597,2.591828312009903
DEEPAKFERT,0.3862905,1.3635532809358435,2024-04-17,2025-04-17,38.629047,136.35532809358435
DEEPAKNTR,0.3236178,-0.14985359505476636,2024-04-17,2025-04-17,32.36178,-14.985359505476637
DELHIVERY,0.07872797,-0.38053780030857387,2024-04-17,2025-04-17,7.872797,-38.05378003085739
DELTACORP,0.5267946,-0.3096296296296297,2024-04-17,2025-04-17,52.679462,-30.96296296296297
DEN,0.34096155,-0.3515210991167812,2024-04-17,2025-04-17,34.096153,-35.15210991167812
DEVYANI,0.81499517,0.020117247763036028,2024-04-17,2025-04-17,81.49952,2.011724776303603
DHANI,0.6664136,0.20894071914480072,2024-04-17,2025-04-17,66.64136,20.894071914480072
DHANUKA,0.5510003,0.04030346135609286,2024-04-17,2025-04-17,55.10003,4.030346135609286
DBL,1.1221411,0.06805977118841922,2024-04-17,2025-04-17,112.21411,6.805977118841922
DCAL,0.5510003,-0.04208608517422008,2024-04-17,2025-04-17,55.10003,-4.208608517422007
DIVISLAB,0.4982597,0.5206665048936341,2024-04-17,2025-04-17,49.82597,52.06665048936341
DIXON,0.8574337,1.0435162402395193,2024-04-17,2025-04-17,85.74337,104.35162402395193
DODLA,0.3862905,0.2748316732513494,2024-04-17,2025-04-17,38.629047,27.48316732513494
LALPATHLAB,0.65288836,0.20916867147821439,2024-04-17,2025-04-17,65.28883,20.91686714782144
DRREDDY,0.6615053,-0.023374879348692867,2024-04-17,2025-04-17,66.15053,-2.3374879348692867
DREAMFOLKS,0.34096155,-0.5362142304717711,2024-04-17,2025-04-17,34.096153,-53.62142304717711
DYNAMATECH,0.43903124,-0.23865644545503895,2024-04-17,2025-04-17,43.903126,-23.865644545503894
EIDPARRY,0.4982597,0.3739374432615332,2024-04-17,2025-04-17,49.82597,37.393744326153325
EIHOTEL,0.9548368,-0.18093983311374606,2024-04-17,2025-04-17,95.48368,-18.093983311374608
EPL,0.57260174,0.12147688838782411,2024-04-17,2025-04-17,57.260174,12.147688838782411
EASEMYTRIP,0.22554833,-0.4464446444644464,2024-04-17,2025-04-17,22.554832,-44.644464446444644
EDELWEISS,0.17679754,0.15186721991701257,2024-04-17,2025-04-17,17.679754,15.186721991701258
EICHERMOT,0.6136729,0.30504228718514437,2024-04-17,2025-04-17,61.36729,30.504228718514437
ELECON,0.6664136,-0.11357210179076338,2024-04-17,2025-04-17,66.64136,-11.357210179076338
EMIL,0.22554833,-0.3670313276976628,2024-04-17,2025-04-17,22.554832,-36.70313276976628
ELECTCAST,0.48588383,-0.46613588110403403,2024-04-17,2025-04-17,48.588383,-46.613588110403406
ELGIEQUIP,0.56834394,-0.29682882019330625,2024-04-17,2025-04-17,56.834393,-29.682882019330627
EMAMILTD,0.3236178,0.40011383039271475,2024-04-17,2025-04-17,32.36178,40.01138303927148
ENDURANCE,0.6664136,0.021128457810031254,2024-04-17,2025-04-17,66.64136,2.1128457810031254
ENGINERSIN,0.64220786,-0.12665060240963855,2024-04-17,2025-04-17,64.22079,-12.665060240963854
ENTERO,1.110133,0.19598997493734327,2024-04-17,2025-04-17,111.013306,19.598997493734327
EPIGRAL,0.37536886,0.4460697513280467,2024-04-17,2025-04-17,37.53689,44.60697513280467
EMBDL,0.3236178,-0.20394638868205517,2024-04-17,2025-04-17,32.36178,-20.39463886820552
ERIS,0.4982597,0.5891072044122718,2024-04-17,2025-04-17,49.82597,58.910720441227184
ESCORTS,0.65288836,0.08181893481321945,2024-04-17,2025-04-17,65.28883,8.181893481321945
ETHOSLTD,0.40854594,0.13977404709112018,2024-04-17,2025-04-17,40.854595,13.977404709112019
EVEREADY,0.6664136,-0.1277950750070762,2024-04-17,2025-04-17,66.64136,-12.77950750070762
EXIDEIND,0.22554833,-0.16535082842210602,2024-04-17,2025-04-17,22.554832,-16.535082842210603
FDC,0.43903124,-0.04767699115044255,2024-04-17,2025-04-17,43.903126,-4.767699115044255
NYKAA,0.51518244,0.13409158934450738,2024-04-17,2025-04-17,51.51824,13.409158934450737
FEDERALBNK,0.580496,0.28064410121590533,2024-04-17,2025-04-17,58.049603,28.064410121590534
FACT,0.5510003,0.16569633828711505,2024-04-17,2025-04-17,55.10003,16.569633828711506
FIEMIND,0.31473413,0.24167732263327313,2024-04-17,2025-04-17,31.473413,24.167732263327313
FINEORG,0.53747517,0.0013737862947353907,2024-04-17,2025-04-17,53.747517,0.13737862947353907
FCL,0.570951,-0.33075372833534855,2024-04-17,2025-04-17,57.0951,-33.07537283353486
FINCABLES,0.74661356,-0.09284371984356754,2024-04-17,2025-04-17,74.661354,-9.284371984356754
FINPIPE,0.64220786,-0.30937376920047266,2024-04-17,2025-04-17,64.22079,-30.937376920047267
FSL,0.52051514,0.7065959059893858,2024-04-17,2025-04-17,52.051514,70.65959059893858
FORCEMOT,1.0998856,0.04108407834777439,2024-04-17,2025-04-17,109.988556,4.108407834777439
FORTIS,0.580496,0.5240224744868707,2024-04-17,2025-04-17,58.049603,52.40224744868706
GRINFRA,0.45293066,-0.17866847826086962,2024-04-17,2025-04-17,45.293064,-17.86684782608696
GAIL,0.4987253,-0.08135593220338988,2024-04-17,2025-04-17,49.872528,-8.135593220338988
GHCL,0.52051514,0.22678357911518532,2024-04-17,2025-04-17,52.051514,22.678357911518532
GMMPFAUDLR,0.21202314,-0.2243319268635724,2024-04-17,2025-04-17,21.202314,-22.433192686357238
GMRAIRPORT,0.5085072,0.08162500000000006,2024-04-17,2025-04-17,50.85072,8.162500000000005
GABRIEL,0.6136729,0.591057487579844,2024-04-17,2025-04-17,61.36729,59.1057487579844
GANESHHOUC,1.1391011,0.41325536062378165,2024-04-17,2025-04-17,113.91012,41.32553606237816
GRWRHITECH,0.6664136,0.8516119620714806,2024-04-17,2025-04-17,66.64136,85.16119620714807
GATEWAY,0.07872797,-0.4040681173131504,2024-04-17,2025-04-17,7.872797,-40.40681173131504
GICRE,0.8574337,0.29648089412475453,2024-04-17,2025-04-17,85.74337,29.648089412475453
GLAND,0.5510003,-0.17853094536386305,2024-04-17,2025-04-17,55.10003,-17.853094536386305
GLAXO,0.6136729,0.5394963323888462,2024-04-17,2025-04-17,61.36729,53.94963323888462
GLENMARK,0.53747517,0.2885390669994241,2024-04-17,2025-04-17,53.747517,28.85390669994241
MEDANTA,0.7323173,-0.08467363865849264,2024-04-17,2025-04-17,73.231735,-8.467363865849265
GPIL,0.53747517,0.13169285502520012,2024-04-17,2025-04-17,53.747517,13.169285502520012
GODFRYPHLP,0.6136729,1.5458214506095627,2024-04-17,2025-04-17,61.36729,154.58214506095626
GODREJAGRO,0.6136729,0.39292569234987673,2024-04-17,2025-04-17,61.36729,39.292569234987674
GODREJCP,0.4063736,0.06583530423564832,2024-04-17,2025-04-17,40.63736,6.583530423564832
GODREJIND,0.6136729,0.3493788819875776,2024-04-17,2025-04-17,61.36729,34.93788819875776
GODREJPROP,0.58874476,-0.21536097099621687,2024-04-17,2025-04-17,58.874477,-21.53609709962169
GOKEX,0.5510003,0.023645930052615283,2024-04-17,2025-04-17,55.10003,2.3645930052615283
GRANULES,0.5510003,0.12745689135415428,2024-04-17,2025-04-17,55.10003,12.745689135415429
GRAPHITE,0.8161271,-0.28082345043633916,2024-04-17,2025-04-17,81.61271,-28.082345043633914
GRASIM,0.4982597,0.24017879203072678,2024-04-17,2025-04-17,49.82597,24.017879203072678
GRAVITA,0.392329,1.0053752535496958,2024-04-17,2025-04-17,39.232903,100.53752535496957
GESHIP,0.43903124,-0.14112469437652808,2024-04-17,2025-04-17,43.903126,-14.112469437652809
GREAVESCOT,0.5510003,0.48538725677222416,2024-04-17,2025-04-17,55.10003,48.538725677222416
GREENPANEL,0.5510003,-0.2606929133858268,2024-04-17,2025-04-17,55.10003,-26.06929133858268
GREENPLY,-1.2585629,0.13394245723172626,2024-04-17,2025-04-17,-125.85629,13.394245723172627
GRINDWELL,0.5267946,-0.1648929633543883,2024-04-17,2025-04-17,52.679462,-16.48929633543883
GUJALKALI,0.43685886,-0.20675684098983982,2024-04-17,2025-04-17,43.685886,-20.675684098983982
GAEL,0.5132695,-0.22748091603053433,2024-04-17,2025-04-17,51.32695,-22.74809160305343
FLUOROCHEM,0.52051514,0.1026510309564832,2024-04-17,2025-04-17,52.051514,10.265103095648321
GUJGASLTD,0.22554833,-0.19526520285533566,2024-04-17,2025-04-17,22.554832,-19.526520285533564
GMDCLTD,0.5267946,-0.16749153425371177,2024-04-17,2025-04-17,52.679462,-16.749153425371176
GNFC,0.5267946,-0.24577972782033164,2024-04-17,2025-04-17,52.679462,-24.577972782033164
GPPL,0.24714977,-0.2987751102400783,2024-04-17,2025-04-17,24.714977,-29.87751102400783
GSFC,0.45293066,-0.1370585605721949,2024-04-17,2025-04-17,45.293064,-13.70585605721949
GSPL,0.5510003,-0.18724893093170925,2024-04-17,2025-04-17,55.10003,-18.724893093170923
GULFOILLUB,0.60275143,0.19290420679168774,2024-04-17,2025-04-17,60.275143,19.290420679168776
HEG,0.52051514,-0.02602684017893453,2024-04-17,2025-04-17,52.051514,-2.602684017893453
HGINFRA,0.5510003,0.08489653838715916,2024-04-17,2025-04-17,55.10003,8.489653838715917
HBLENGINE,0.9313812,0.13742722179501277,2024-04-17,2025-04-17,93.13812,13.742722179501277
HCLTECH,0.3236178,-0.01966799604594871,2024-04-17,2025-04-17,32.36178,-1.966799604594871
HDFCAMC,0.3862905,0.1181210900222669,2024-04-17,2025-04-17,38.629047,11.81210900222669
HDFCBANK,0.6136729,0.27564059677527264,2024-04-17,2025-04-17,61.36729,27.564059677527265
HDFCLIFE,0.2708772,0.18888797160075943,2024-04-17,2025-04-17,27.08772,18.888797160075942
HFCL,0.5510003,-0.09750812567713973,2024-04-17,2025-04-17,55.10003,-9.750812567713973
HAPPSTMNDS,0.5267946,-0.2869328718012115,2024-04-17,2025-04-17,52.679462,-28.693287180121153
HAPPYFORGE,0.3236178,-0.15062961585463053,2024-04-17,2025-04-17,32.36178,-15.062961585463054
HARSHA,0.3236178,-0.05340038314176243,2024-04-17,2025-04-17,32.36178,-5.340038314176243
HATHWAY,0.22554833,-0.3672727272727273,2024-04-17,2025-04-17,22.554832,-36.727272727272734
HAVELLS,0.52051514,0.09694048336345973,2024-04-17,2025-04-17,52.051514,9.694048336345972
HCG,0.835178,0.6041356940127045,2024-04-17,2025-04-17,83.5178,60.41356940127045
HERITGFOOD,0.9313812,0.36193548387096763,2024-04-17,2025-04-17,93.13812,36.19354838709676
HEROMOTOCO,0.3077846,-0.1127890292381154,2024-04-17,2025-04-17,30.77846,-11.27890292381154
HIKAL,0.4982597,0.42442244224422443,2024-04-17,2025-04-17,49.82597,42.442244224422446
HSCL,1.3364099,0.43871368649992215,2024-04-17,2025-04-17,133.64099,43.87136864999221
HINDALCO,0.52051514,-0.00538511749347248,2024-04-17,2025-04-17,52.051514,-0.538511749347248
HAL,0.61971146,0.14773669825816182,2024-04-17,2025-04-17,61.971146,14.773669825816182
HCC,0.85345197,-0.24447592067988655,2024-04-17,2025-04-17,85.3452,-24.447592067988655
HINDCOPPER,0.34096155,-0.40812939521800284,2024-04-17,2025-04-17,34.096153,-40.81293952180028
HNDFDS,0.3862905,0.17347347347347353,2024-04-17,2025-04-17,38.629047,17.347347347347352
HINDOILEXP,0.60113806,-0.09982256020278835,2024-04-17,2025-04-17,60.113804,-9.982256020278834
HINDPETRO,0.43755573,0.2184160905091137,2024-04-17,2025-04-17,43.755573,21.84160905091137
HINDUNILVR,0.29313263,0.07233158750225743,2024-04-17,2025-04-17,29.313263,7.233158750225743
HINDZINC,0.20947647,0.08581306334115313,2024-04-17,2025-04-17,20.947647,8.581306334115313
HINDWAREAP,0.5267946,-0.4815776081424936,2024-04-17,2025-04-17,52.679462,-48.157760814249365
HONASA,0.88999104,-0.3897636767201984,2024-04-17,2025-04-17,88.99911,-38.97636767201984
HUDCO,0.43903124,0.18447204968944098,2024-04-17,2025-04-17,43.903126,18.4472049689441
ICICIBANK,0.580496,0.33279643753849064,2024-04-17,2025-04-17,58.049603,33.279643753849065
ICICIPRULI,0.392329,-0.011369294605809155,2024-04-17,2025-04-17,39.232903,-1.1369294605809155
IDBI,0.63592845,-0.03241013553329408,2024-04-17,2025-04-17,63.592846,-3.241013553329408
IDFCFIRSTB,0.5348708,-0.23728813559322026,2024-04-17,2025-04-17,53.48708,-23.728813559322028
IFBIND,1.1960887,-0.09289909236518956,2024-04-17,2025-04-17,119.608864,-9.289909236518955
IFCI,0.5510003,0.04338498212157327,2024-04-17,2025-04-17,55.10003,4.338498212157327
IIFLCAPS,0.5839536,0.5442553191489363,2024-04-17,2025-04-17,58.395363,54.42553191489363
IIFL,-1.4058781,-0.17968845823623203,2024-04-17,2025-04-17,-140.5878,-17.9688458236232
INOXINDIA,0.5267946,-0.2223751624990442,2024-04-17,2025-04-17,52.679462,-22.23751624990442
IRB,0.85345197,-0.2816232771822359,2024-04-17,2025-04-17,85.3452,-28.16232771822359
IRCON,0.22554833,-0.2758574007220217,2024-04-17,2025-04-17,22.554832,-27.58574007220217
ITC,0.29313263,0.02005491225975886,2024-04-17,2025-04-17,29.313263,2.005491225975886
ITDCEM,0.6300513,0.5085034013605443,2024-04-17,2025-04-17,63.00513,50.85034013605443
ITI,0.5510003,0.05010919197935282,2024-04-17,2025-04-17,55.10003,5.010919197935282
IDEAFORGE,0.22554833,-0.4732259468872443,2024-04-17,2025-04-17,22.554832,-47.32259468872443
IMAGICAA,0.66437715,-0.16091676718938486,2024-04-17,2025-04-17,66.43771,-16.091676718938487
INDIACEM,1.1825634,0.300563697857948,2024-04-17,2025-04-17,118.25634,30.0563697857948
INDIAGLYCO,0.6136729,0.7133577915438745,2024-04-17,2025-04-17,61.36729,71.33577915438745
IPL,0.22554833,-0.37732583297273903,2024-04-17,2025-04-17,22.554832,-37.732583297273905
INDIASHLTR,0.6136729,0.5028000344619625,2024-04-17,2025-04-17,61.36729,50.280003446196254
INDIAMART,0.34096155,-0.1350436100884016,2024-04-17,2025-04-17,34.096153,-13.50436100884016
INDIANB,0.6136729,0.12508557457212732,2024-04-17,2025-04-17,61.36729,12.508557457212731
IEX,0.52051514,0.2943773715074165,2024-04-17,2025-04-17,52.051514,29.43773715074165
INDHOTEL,0.835178,0.41759352881698697,2024-04-17,2025-04-17,83.5178,41.759352881698696
IMFA,0.9313812,-0.07265403550648952,2024-04-17,2025-04-17,93.13812,-7.265403550648952
IOC,0.8399267,-0.20532544378698214,2024-04-17,2025-04-17,83.992676,-20.532544378698216
IOB,0.60903096,-0.39723577235772356,2024-04-17,2025-04-17,60.903095,-39.72357723577235
IRCTC,0.5267946,-0.225137217382547,2024-04-17,2025-04-17,52.679462,-22.5137217382547
IREDA,0.43903124,0.08347391440174934,2024-04-17,2025-04-17,43.903126,8.347391440174935
INDIGOPNTS,0.5510003,-0.22665602553870712,2024-04-17,2025-04-17,55.10003,-22.665602553870713
ICIL,0.45293066,-0.19039313028310745,2024-04-17,2025-04-17,45.293064,-19.039313028310744
IGL,0.43685886,-0.19071575577406819,2024-04-17,2025-04-17,43.685886,-19.07157557740682
INDUSTOWER,0.7323173,0.15534262485481998,2024-04-17,2025-04-17,73.231735,15.534262485481998
INDUSINDBK,0.22554833,-0.46100108518719485,2024-04-17,2025-04-17,22.554832,-46.10010851871949
INFIBEAM,0.34096155,-0.4782865583456426,2024-04-17,2025-04-17,34.096153,-47.82865583456426
NAUKRI,0.65288836,0.1778234445367497,2024-04-17,2025-04-17,65.28883,17.78234445367497
INFY,0.3236178,0.0001761493746696985,2024-04-17,2025-04-17,32.36178,0.01761493746696985
INOXGREEN,1.1960887,-0.013260869565217437,2024-04-17,2025-04-17,119.608864,-1.3260869565217437
INOXWIND,1.1960887,0.19654665686994854,2024-04-17,2025-04-17,119.608864,19.654665686994854
INTELLECT,0.5267946,-0.24992583803025814,2024-04-17,2025-04-17,52.679462,-24.992583803025813
INDIGO,0.835178,0.49466588674410183,2024-04-17,2025-04-17,83.5178,49.46658867441018
IONEXCHANG,0.5510003,-0.07576706324358173,2024-04-17,2025-04-17,55.10003,-7.576706324358174
IPCALAB,0.29313263,0.03852695407823714,2024-04-17,2025-04-17,29.313263,3.852695407823714
ISGEC,-1.788238,0.10596227945649961,2024-04-17,2025-04-17,-178.8238,10.59622794564996
JBCHEPHARM,0.37536886,-0.0842696629213483,2024-04-17,2025-04-17,37.53689,-8.42696629213483
JKCEMENT,0.7323173,0.22711346580507508,2024-04-17,2025-04-17,73.231735,22.71134658050751
JKIL,0.61971146,0.129641747096352,2024-04-17,2025-04-17,61.971146,12.964174709635202
JBMA,0.5483961,-0.20326358881055262,2024-04-17,2025-04-17,54.83961,-20.326358881055263
JKLAKSHMI,0.4982597,0.008295159093722804,2024-04-17,2025-04-17,49.82597,0.8295159093722804
JKPAPER,0.3236178,-0.06770098730606489,2024-04-17,2025-04-17,32.36178,-6.770098730606488
JKTYRE,0.58874476,-0.24281662350474775,2024-04-17,2025-04-17,58.874477,-24.281662350474775
JMFINANCIL,0.5510003,0.2586833855799373,2024-04-17,2025-04-17,55.10003,25.86833855799373
JSWENERGY,0.5510003,-0.19188544152744635,2024-04-17,2025-04-17,55.10003,-19.188544152744637
JSWINFRA,0.6136729,0.267056123513457,2024-04-17,2025-04-17,61.36729,26.7056123513457
JSWSTEEL,0.48775053,0.19223484848484862,2024-04-17,2025-04-17,48.775055,19.223484848484862
JTEKTINDIA,1.0808344,-0.17228951255539138,2024-04-17,2025-04-17,108.083435,-17.228951255539137
JTLIND,-1.8863076,-0.31070272329080173,2024-04-17,2025-04-17,-188.63075,-31.070272329080172
JAIBALAJI,1.0647626,-0.35091396539117725,2024-04-17,2025-04-17,106.47626,-35.091396539117724
JAICORPLTD,2.2519584,-0.6938844086021505,2024-04-17,2025-04-17,225.19583,-69.38844086021506
JISLJALEQS,0.8285204,-0.010187667560321745,2024-04-17,2025-04-17,82.85204,-1.0187667560321745
JPPOWER,0.22554833,-0.10058139534883714,2024-04-17,2025-04-17,22.554832,-10.058139534883715
JAMNAAUTO,0.22554833,-0.4080336648814077,2024-04-17,2025-04-17,22.554832,-40.80336648814077
JINDALSAW,1.1960887,0.10901944559371124,2024-04-17,2025-04-17,119.608864,10.901944559371124
JSL,0.20947647,-0.16809897762631487,2024-04-17,2025-04-17,20.947647,-16.809897762631486
JINDALSTEL,0.14631242,-0.026660043053485682,2024-04-17,2025-04-17,14.631242,-2.6660043053485682
JINDWORLD,0.53747517,0.04429118773946361,2024-04-17,2025-04-17,53.747517,4.429118773946361
JIOFIN,0.5267946,-0.3486522198731501,2024-04-17,2025-04-17,52.679462,-34.86522198731501
JUBLFOOD,0.6136729,0.5789771441502602,2024-04-17,2025-04-17,61.36729,57.89771441502602
JUBLINGREA,0.53747517,0.2425640060240961,2024-04-17,2025-04-17,53.747517,24.256400602409613
JUBLPHARMA,1.1960887,0.3114742400456687,2024-04-17,2025-04-17,119.608864,31.147424004566872
JUNIPER,0.85345197,-0.3952938648329215,2024-04-17,2025-04-17,85.3452,-39.52938648329215
JLHL,1.110133,0.17350157728706628,2024-04-17,2025-04-17,111.013306,17.350157728706627
JWL,0.9683621,0.02114361702127665,2024-04-17,2025-04-17,96.83621,2.114361702127665
JUSTDIAL,0.5510003,-0.08663991677812455,2024-04-17,2025-04-17,55.10003,-8.663991677812454
JYOTHYLAB,0.43903124,-0.09396863691194202,2024-04-17,2025-04-17,43.903126,-9.396863691194202
JYOTICNC,1.1526264,0.5052083333333333,2024-04-17,2025-04-17,115.26264,50.52083333333333
KPRMILL,0.4982597,0.2808577091717219,2024-04-17,2025-04-17,49.82597,28.08577091717219
KEI,0.57260174,-0.2548843831571176,2024-04-17,2025-04-17,57.260174,-25.488438315711758
KNRCON,0.9313812,-0.13209498276522402,2024-04-17,2025-04-17,93.13812,-13.209498276522403
KPITTECH,0.6664136,-0.1870349170005723,2024-04-17,2025-04-17,66.64136,-18.703491700057228
KRBL,0.4982597,0.054151624548736566,2024-04-17,2025-04-17,49.82597,5.4151624548736566
KSB,0.5483961,-0.19139260163052518,2024-04-17,2025-04-17,54.83961,-19.13926016305252
KAJARIACER,0.22554833,-0.3378840981335073,2024-04-17,2025-04-17,22.554832,-33.788409813350725
KPIL,0.5510003,-0.20678383426727798,2024-04-17,2025-04-17,55.10003,-20.678383426727798
KALYANKJIL,0.40585417,0.30461270670147966,2024-04-17,2025-04-17,40.585415,30.461270670147968
KSL,1.0836163,-0.10014675667742878,2024-04-17,2025-04-17,108.361626,-10.014675667742878
KANSAINER,0.90089583,-0.05606143719144263,2024-04-17,2025-04-17,90.089584,-5.606143719144264
KTKBANK,0.31047627,-0.15159574468085102,2024-04-17,2025-04-17,31.047626,-15.159574468085102
KSCL,0.6136729,1.1983796803153055,2024-04-17,2025-04-17,61.36729,119.83796803153055
KAYNES,0.8743938,1.287857287654571,2024-04-17,2025-04-17,87.439384,128.78572876545712
KEC,0.811336,0.013688863539141671,2024-04-17,2025-04-17,81.1336,1.3688863539141671
KFINTECH,0.6664136,0.7877293670681433,2024-04-17,2025-04-17,66.64136,78.77293670681433
KIRLOSBROS,0.9313812,0.4106556328115001,2024-04-17,2025-04-17,93.13812,41.065563281150006
KIRLOSENG,0.34096155,-0.16466043334639713,2024-04-17,2025-04-17,34.096153,-16.466043334639714
KIRLPNU,0.34521928,0.5639562210434432,2024-04-17,2025-04-17,34.521927,56.395622104344326
KOLTEPATIL,0.5267946,-0.3732822286622418,2024-04-17,2025-04-17,52.679462,-37.32822286622418
KOTAKBANK,0.580496,0.22462571708409107,2024-04-17,2025-04-17,58.049603,22.462571708409108
KIMS,0.4982597,0.6800564681724843,2024-04-17,2025-04-17,49.82597,68.00564681724843
LTF,0.6136729,0.014817110973341485,2024-04-17,2025-04-17,61.36729,1.4817110973341485
LTTS,0.5510003,-0.19764665757162347,2024-04-17,2025-04-17,55.10003,-19.764665757162348
LICHSGFIN,0.5548188,-0.0590753424657533,2024-04-17,2025-04-17,55.48188,-5.90753424657533
LMW,0.29313263,-0.06579296645480337,2024-04-17,2025-04-17,29.313263,-6.579296645480337
LTFOODS,0.40854594,0.7503674669279765,2024-04-17,2025-04-17,40.854595,75.03674669279765
LTIM,0.3236178,-0.10756522572198035,2024-04-17,2025-04-17,32.36178,-10.756522572198035
LANDMARK,0.22554833,-0.4403771131339401,2024-04-17,2025-04-17,22.554832,-44.03771131339401
LT,0.28112468,-0.08551232768695693,2024-04-17,2025-04-17,28.112469,-8.551232768695694
LATENTVIEW,0.45293066,-0.23747213337210427,2024-04-17,2025-04-17,45.293064,-23.747213337210425
LAURUSLABS,0.4982597,0.4558414464534075,2024-04-17,2025-04-17,49.82597,45.58414464534075
LXCHEM,0.20947647,-0.3036739610519976,2024-04-17,2025-04-17,20.947647,-30.367396105199763
LEMONTREE,0.9874132,0.05947152958689994,2024-04-17,2025-04-17,98.741325,5.947152958689994
LICI,1.0808344,-0.1642474376983507,2024-04-17,2025-04-17,108.083435,-16.42474376983507
LINDEINDIA,0.5267946,-0.1328532440746939,2024-04-17,2025-04-17,52.679462,-13.285324407469389
LLOYDSENGG,0.6664136,0.11872727272727279,2024-04-17,2025-04-17,66.64136,11.872727272727278
LLOYDSME,0.9874132,0.7881273460308635,2024-04-17,2025-04-17,98.741325,78.81273460308635
LUPIN,1.0531309,0.21526928264483547,2024-04-17,2025-04-17,105.31309,21.526928264483548
LUXIND,0.3236178,0.2588734736749967,2024-04-17,2025-04-17,32.36178,25.887347367499668
MMTC,0.8000552,-0.24186046511627912,2024-04-17,2025-04-17,80.00552,-24.18604651162791
MOIL,0.5267946,-0.032137518684603905,2024-04-17,2025-04-17,52.679462,-3.2137518684603905
MRF,0.60779554,-0.021329938908083546,2024-04-17,2025-04-17,60.779552,-2.1329938908083546
MSTCLTD,0.64220786,-0.3926504629629629,2024-04-17,2025-04-17,64.22079,-39.26504629629629
MTARTECH,0.5267946,-0.227943804470349,2024-04-17,2025-04-17,52.679462,-22.7943804470349
LODHA,0.65288836,0.04625671843920598,2024-04-17,2025-04-17,65.28883,4.625671843920598
MGL,0.5510003,-0.10676562946046253,2024-04-17,2025-04-17,55.10003,-10.676562946046253
MAHSEAMLES,0.53747517,-0.19034666358006835,2024-04-17,2025-04-17,53.747517,-19.034666358006834
MHRIL,0.88999104,-0.22293961260919104,2024-04-17,2025-04-17,88.99911,-22.293961260919104
MAHLIFE,1.1546984,-0.49151326798948125,2024-04-17,2025-04-17,115.46983,-49.151326798948126
MAHLOG,0.22554833,-0.3335195530726257,2024-04-17,2025-04-17,22.554832,-33.35195530726257
MAITHANALL,0.3799743,-0.20484986430885055,2024-04-17,2025-04-17,37.99743,-20.484986430885055
MANINFRA,0.6664136,-0.23973288814691163,2024-04-17,2025-04-17,66.64136,-23.973288814691163
MANAPPURAM,0.6136729,0.2130722413336863,2024-04-17,2025-04-17,61.36729,21.307224133368628
MRPL,0.5267946,-0.38960340578086483,2024-04-17,2025-04-17,52.679462,-38.96034057808648
MANKIND,0.3862905,0.07761985264959392,2024-04-17,2025-04-17,38.629047,7.761985264959392
MARICO,0.4982597,0.41153238546603466,2024-04-17,2025-04-17,49.82597,41.15323854660347
MARKSANS,0.6664136,0.24048107949545328,2024-04-17,2025-04-17,66.64136,24.048107949545326
MARUTI,0.6136729,-0.057234985892785195,2024-04-17,2025-04-17,61.36729,-5.7234985892785195
MASTEK,0.5510003,-0.16625807490650113,2024-04-17,2025-04-17,55.10003,-16.625807490650114
MFSL,0.4982597,0.21175943888971793,2024-04-17,2025-04-17,49.82597,21.175943888971794
MAXHEALTH,0.4982597,0.39365120164503287,2024-04-17,2025-04-17,49.82597,39.36512016450329
MAZDOCK,0.7323173,1.5114426016862783,2024-04-17,2025-04-17,73.231735,151.14426016862782
MEDPLUS,0.835178,0.14226211849192083,2024-04-17,2025-04-17,83.5178,14.226211849192083
METROBRAND,0.52051514,0.0198687822809549,2024-04-17,2025-04-17,52.051514,1.98687822809549
METROPOLIS,0.31009266,-0.04434545193274897,2024-04-17,2025-04-17,31.009266,-4.4345451932748965
MINDACORP,0.52051514,0.2644945490584738,2024-04-17,2025-04-17,52.051514,26.449454905847382
MIDHANI,0.5267946,-0.3069174757281553,2024-04-17,2025-04-17,52.679462,-30.69174757281553
MOTILALOFS,0.96870637,0.2530686612965094,2024-04-17,2025-04-17,96.870636,25.306866129650942
MPHASIS,0.5510003,-0.026856983885809704,2024-04-17,2025-04-17,55.10003,-2.6856983885809704
BECTORFOOD,0.6664136,0.4858313092346527,2024-04-17,2025-04-17,66.64136,48.58313092346527
MCX,0.89475876,0.45704811844540405,2024-04-17,2025-04-17,89.475876,45.7048118445404
MUTHOOTFIN,0.4982597,0.2753518149423204,2024-04-17,2025-04-17,49.82597,27.53518149423204
NATCOPHARM,3.2892942,-0.16911801616384714,2024-04-17,2025-04-17,328.9294,-16.911801616384714
NBCC,1.1526264,0.18354582631705574,2024-04-17,2025-04-17,115.26264,18.354582631705576
NCC,0.55227226,-0.10745901639344257,2024-04-17,2025-04-17,55.227226,-10.745901639344257
NEOGEN,0.9313812,0.17721056095955534,2024-04-17,2025-04-17,93.13812,17.721056095955532
NESCO,0.6136729,0.19675292361283914,2024-04-17,2025-04-17,61.36729,19.675292361283915
NHPC,0.5132695,-0.05050279329608931,2024-04-17,2025-04-17,51.32695,-5.050279329608931
NIITMTS,529.3647,-0.2908608266970042,2024-04-17,2025-04-17,52936.47,-29.08608266970042
NLCINDIA,0.63592845,0.06827433628318591,2024-04-17,2025-04-17,63.592846,6.827433628318591
NMDC,0.22554833,-0.15971424926648803,2024-04-17,2025-04-17,22.554832,-15.971424926648803
NOCIL,0.22554833,-0.28023121387283234,2024-04-17,2025-04-17,22.554832,-28.023121387283233
NRBBEARING,0.88999104,-0.295575221238938,2024-04-17,2025-04-17,88.99911,-29.557522123893797
NTPC,0.52051514,0.036594048127580825,2024-04-17,2025-04-17,52.051514,3.6594048127580825
NH,0.6136729,0.4972951150585385,2024-04-17,2025-04-17,61.36729,49.72951150585385
NATIONALUM,0.70399886,-0.1569341053212021,2024-04-17,2025-04-17,70.39989,-15.693410532120211
NFL,0.5510003,-0.12160493827160501,2024-04-17,2025-04-17,55.10003,-12.1604938271605
NAVA,0.57260174,0.9325657894736843,2024-04-17,2025-04-17,57.260174,93.25657894736842
NAVINFLUOR,0.4982597,0.31483345463555135,2024-04-17,2025-04-17,49.82597,31.483345463555136
NAZARA,0.4982597,0.511930754834685,2024-04-17,2025-04-17,49.82597,51.1930754834685
NESTLEIND,-1.686001,-0.018659519603662966,2024-04-17,2025-04-17,-168.6001,-1.8659519603662966
NETWORK18,0.22554833,-0.4984357541899441,2024-04-17,2025-04-17,22.554832,-49.84357541899441
NEULANDLAB,0.8127716,0.6745577200624318,2024-04-17,2025-04-17,81.27716,67.45577200624318
NEWGEN,0.43903124,0.25530328702134875,2024-04-17,2025-04-17,43.903126,25.530328702134874
NAM_INDIA,0.65288836,0.07802763478732055,2024-04-17,2025-04-17,65.28883,7.8027634787320554
NUVAMA,6.2056036,0.1288125331113299,2024-04-17,2025-04-17,620.56036,12.88125331113299
NUVOCO,0.4982597,0.030365659777424447,2024-04-17,2025-04-17,49.82597,3.0365659777424447
OBEROIRLTY,0.6664136,0.17264053175142036,2024-04-17,2025-04-17,66.64136,17.264053175142035
ONGC,0.57260174,-0.11183658581068745,2024-04-17,2025-04-17,57.260174,-11.183658581068745
OIL,0.3236178,-0.04401890077095261,2024-04-17,2025-04-17,32.36178,-4.401890077095261
OLECTRA,0.64220786,-0.2996897038081806,2024-04-17,2025-04-17,64.22079,-29.96897038081806
PAYTM,0.63592845,1.1868725868725871,2024-04-17,2025-04-17,63.592846,118.68725868725872
OPTIEMUS,0.8562339,0.7802919708029197,2024-04-17,2025-04-17,85.62339,78.02919708029196
OFSS,0.3236178,0.0619894602555453,2024-04-17,2025-04-17,32.36178,6.19894602555453
ORCHPHARMA,-6.1178226,-0.27562546676624344,2024-04-17,2025-04-17,-611.7823,-27.562546676624343
POLICYBZR,1.1391011,0.36105393165911903,2024-04-17,2025-04-17,113.91012,36.105393165911906
PCBL,0.53747517,0.66903709398424,2024-04-17,2025-04-17,53.747517,66.903709398424
PGEL,0.835178,4.016926738957948,2024-04-17,2025-04-17,83.5178,401.69267389579477
PIIND,0.40854594,-0.019171005367881522,2024-04-17,2025-04-17,40.854595,-1.9171005367881522
PNBHOUSING,0.39653793,0.3171785666799627,2024-04-17,2025-04-17,39.653793,31.71785666799627
PNCINFRA,0.64220786,-0.36687271062271065,2024-04-17,2025-04-17,64.22079,-36.687271062271066
PTC,0.2561794,-0.14379457917261063,2024-04-17,2025-04-17,25.617939,-14.379457917261062
PTCIL,0.8574337,0.8327908868999185,2024-04-17,2025-04-17,85.74337,83.27908868999185
PVRINOX,0.22554833,-0.3258698622937033,2024-04-17,2025-04-17,22.554832,-32.58698622937033
PAISALO,2.0937111,-0.5786308381317979,2024-04-17,2025-04-17,209.37111,-57.86308381317979
PARADEEP,0.4982597,0.948243727598566,2024-04-17,2025-04-17,49.82597,94.8243727598566
PARAS,0.6664136,0.4933669790915647,2024-04-17,2025-04-17,66.64136,49.33669790915647
PATANJALI,0.2708772,0.40444159726670925,2024-04-17,2025-04-17,27.08772,40.444159726670925
PATELENG,0.64220786,-0.28115449915110347,2024-04-17,2025-04-17,64.22079,-28.115449915110347
PERSISTENT,0.6332366,0.2580972449855614,2024-04-17,2025-04-17,63.323658,25.809724498556143
PETRONET,0.29313263,0.006456953642383967,2024-04-17,2025-04-17,29.313263,0.6456953642383967
PHOENIXLTD,0.63592845,0.023192446613015782,2024-04-17,2025-04-17,63.592846,2.3192446613015782
PIDILITIND,0.29247865,0.056584720384427856,2024-04-17,2025-04-17,29.247866,5.658472038442786
PEL,0.63592845,0.18295292439372313,2024-04-17,2025-04-17,63.592846,18.29529243937231
PPLPHARMA,0.65288836,0.5576678445229681,2024-04-17,2025-04-17,65.28883,55.76678445229681
POLYMED,0.6664136,0.5239398955813066,2024-04-17,2025-04-17,66.64136,52.39398955813066
POLYCAB,0.6664136,-0.00692320681438674,2024-04-17,2025-04-17,66.64136,-0.692320681438674
POLYPLEX,0.9874132,0.46731628095818123,2024-04-17,2025-04-17,98.741325,46.731628095818124
POONAWALLA,0.62868273,-0.23146853146853152,2024-04-17,2025-04-17,62.868275,-23.146853146853154
PFC,0.5816315,0.07143760273106592,2024-04-17,2025-04-17,58.163147,7.143760273106592
POWERGRID,0.2708772,0.10317743662977508,2024-04-17,2025-04-17,27.08772,10.317743662977508
POWERMECH,0.425506,0.11661284535342653,2024-04-17,2025-04-17,42.5506,11.661284535342652
PRAJIND,0.57260174,0.030758510850089626,2024-04-17,2025-04-17,57.260174,3.0758510850089626
PRESTIGE,0.43903124,-0.00973801083812087,2024-04-17,2025-04-17,43.903126,-0.973801083812087
PRICOLLTD,0.65288836,0.0435393258426966,2024-04-17,2025-04-17,65.28883,4.35393258426966
PRUDENT,0.6664136,0.6811510791366908,2024-04-17,2025-04-17,66.64136,68.11510791366908
PNB,1.1546984,-0.23195677344654575,2024-04-17,2025-04-17,115.46983,-23.195677344654577
PURVA,0.85345197,-0.35849802371541495,2024-04-17,2025-04-17,85.3452,-35.84980237154149
RRKABEL,0.34096155,-0.42270761112985855,2024-04-17,2025-04-17,34.096153,-42.27076111298585
RBLBANK,0.60903096,-0.2533441756454564,2024-04-17,2025-04-17,60.903095,-25.334417564545642
RECLTD,0.34521928,-0.00011664528169830213,2024-04-17,2025-04-17,34.521927,-0.011664528169830213
RHIM,0.5267946,-0.2548680904522612,2024-04-17,2025-04-17,52.679462,-25.48680904522612
RITES,0.5267946,-0.28297546012269936,2024-04-17,2025-04-17,52.679462,-28.297546012269937
RADICO,0.4982597,0.41238267458882283,2024-04-17,2025-04-17,49.82597,41.238267458882284
RVNL,0.5510003,0.42689495959984636,2024-04-17,2025-04-17,55.10003,42.68949595998463
RAILTEL,0.55227226,-0.14927217797308434,2024-04-17,2025-04-17,55.227226,-14.927217797308433
RAIN,0.53747517,-0.1829959514170041,2024-04-17,2025-04-17,53.747517,-18.299595141700408
RAINBOW,0.6136729,0.15612982618058768,2024-04-17,2025-04-17,61.36729,15.61298261805877
RAJESHEXPO,0.5267946,-0.3372112917023097,2024-04-17,2025-04-17,52.679462,-33.72112917023097
RALLIS,0.43903124,-0.13992422875699073,2024-04-17,2025-04-17,43.903126,-13.992422875699074
RKFORGE,0.6664136,0.006972928630024633,2024-04-17,2025-04-17,66.64136,0.6972928630024633
RAMKY,0.96870637,-0.1863690174192456,2024-04-17,2025-04-17,96.870636,-18.63690174192456
RCF,0.6664136,0.0007202016564638036,2024-04-17,2025-04-17,66.64136,0.07202016564638036
RATEGAIN,1.0648986,-0.31286750668193974,2024-04-17,2025-04-17,106.48986,-31.286750668193974
RATNAMANI,0.34521928,-0.11386138613861385,2024-04-17,2025-04-17,34.521927,-11.386138613861386
RTNINDIA,0.5483961,-0.4064604810996564,2024-04-17,2025-04-17,54.83961,-40.64604810996564
RAYMOND,1.1546984,-0.2021360138212659,2024-04-17,2025-04-17,115.46983,-20.21360138212659
REDINGTON,0.4982597,0.009482953262587523,2024-04-17,2025-04-17,49.82597,0.9482953262587523
REDTAPE,0.5510003,-0.184088335220838,2024-04-17,2025-04-17,55.10003,-18.4088335220838
RELIANCE,-2.032206,-0.12961824762685237,2024-04-17,2025-04-17,-203.22061,-12.961824762685236
RELINFRA,0.53747517,0.347200821777093,2024-04-17,2025-04-17,53.747517,34.7200821777093
RELIGARE,0.9313812,-0.008141112618724522,2024-04-17,2025-04-17,93.13812,-0.8141112618724522
RESPONIND,1.1546984,-0.3230022534234702,2024-04-17,2025-04-17,115.46983,-32.30022534234702
RBA,0.22554833,-0.20557809330628796,2024-04-17,2025-04-17,22.554832,-20.557809330628796
ROSSARI,0.3236178,-0.07309105757452028,2024-04-17,2025-04-17,32.36178,-7.309105757452028
ROUTE,0.64220786,-0.3348832672172726,2024-04-17,2025-04-17,64.22079,-33.488326721727255
SBFC,0.6136729,0.10674220963172809,2024-04-17,2025-04-17,61.36729,10.674220963172809
SJVN,0.64220786,-0.2639312231340367,2024-04-17,2025-04-17,64.22079,-26.393122313403673
SKFINDIA,0.5267946,-0.15002720644248557,2024-04-17,2025-04-17,52.679462,-15.002720644248557
SRF,0.4982597,0.18199964426174442,2024-04-17,2025-04-17,49.82597,18.199964426174443
SAFARI,0.9382211,0.02825657654143421,2024-04-17,2025-04-17,93.82211,2.825657654143421
SAMHI,0.14631242,-0.08801663634000523,2024-04-17,2025-04-17,14.631242,-8.801663634000523
SAMMAANCAP,0.22554833,-0.2806461262339217,2024-04-17,2025-04-17,22.554832,-28.064612623392172
MOTHERSON,0.70399886,0.030353595550258294,2024-04-17,2025-04-17,70.39989,3.0353595550258294
SANDUMA,0.9113745,0.0036551279294774197,2024-04-17,2025-04-17,91.13745,0.36551279294774197
SANGHVIMOV,5.1733413,-0.540980855769964,2024-04-17,2025-04-17,517.3341,-54.098085576996404
SANOFI,0.22554833,-0.26704130439904816,2024-04-17,2025-04-17,22.554832,-26.704130439904816
SANSERA,0.34521928,0.06408990454695074,2024-04-17,2025-04-17,34.521927,6.408990454695074
SAPPHIRE,0.52051514,0.009990009990010096,2024-04-17,2025-04-17,52.051514,0.9990009990010096
SARDAEN,0.4982597,1.160054102795311,2024-04-17,2025-04-17,49.82597,116.0054102795311
SAREGAMA,0.52051514,0.300469483568075,2024-04-17,2025-04-17,52.051514,30.0469483568075
SCHAEFFLER,0.45293066,0.0015041748526523069,2024-04-17,2025-04-17,45.293064,0.1504174852652307
SENCO,0.3236178,-0.24282445923460894,2024-04-17,2025-04-17,32.36178,-24.282445923460894
SEQUENT,0.3236178,0.23503772003352896,2024-04-17,2025-04-17,32.36178,23.503772003352896
SHARDAMOTR,0.43903124,-0.03549979561676575,2024-04-17,2025-04-17,43.903126,-3.549979561676575
SHAREINDIA,0.34096155,-0.4956719817767653,2024-04-17,2025-04-17,34.096153,-49.56719817767653
SFL,840.1249,-0.2766914034992687,2024-04-17,2025-04-17,84012.484,-27.66914034992687
SHILPAMED,1.1960887,0.2746687005434263,2024-04-17,2025-04-17,119.608864,27.46687005434263
SCI,0.64220786,-0.16591502492285792,2024-04-17,2025-04-17,64.22079,-16.59150249228579
SBCL,0.3236178,-0.21369887479907124,2024-04-17,2025-04-17,32.36178,-21.369887479907124
SHREECEM,0.4982597,0.26914723540838903,2024-04-17,2025-04-17,49.82597,26.914723540838903
RENUKA,0.22554833,-0.3363425925925926,2024-04-17,2025-04-17,22.554832,-33.63425925925926
SHRIRAMFIN,0.6136729,0.45846510647269656,2024-04-17,2025-04-17,61.36729,45.84651064726965
SHRIPISTON,0.63592845,-0.07679067594482292,2024-04-17,2025-04-17,63.592846,-7.679067594482292
SHYAMMETL,0.6136729,0.4947272274350245,2024-04-17,2025-04-17,61.36729,49.47272274350245
SIEMENS,-6.3973713,-0.4963751557025208,2024-04-17,2025-04-17,-639.7371,-49.63751557025208
SIGNATURE,0.96870637,-0.11062889607827664,2024-04-17,2025-04-17,96.870636,-11.062889607827664
SINDHUTRAD,1.0836163,-0.30271317829457367,2024-04-17,2025-04-17,108.361626,-30.271317829457367
SOBHA,0.64220786,-0.2596904024767802,2024-04-17,2025-04-17,64.22079,-25.96904024767802
SOLARINDS,0.6136729,0.4376204578573777,2024-04-17,2025-04-17,61.36729,43.76204578573777
SONACOMS,0.3077846,-0.3332841328413284,2024-04-17,2025-04-17,30.77846,-33.32841328413284
SONATSOFTW,0.3077846,-0.5382922535211268,2024-04-17,2025-04-17,30.77846,-53.82922535211267
SOUTHBANK,0.75457287,-0.09384057971014492,2024-04-17,2025-04-17,75.45729,-9.384057971014492
SPANDANA,235.2999,-0.6837138863000931,2024-04-17,2025-04-17,23529.99,-68.3713886300093
STARCEMENT,0.4982597,0.004779080252479639,2024-04-17,2025-04-17,49.82597,0.47790802524796394
SBIN,0.3862905,0.07069011815252435,2024-04-17,2025-04-17,38.629047,7.069011815252435
SAIL,0.5267946,-0.21298342541436477,2024-04-17,2025-04-17,52.679462,-21.298342541436476
SSWL,0.93787664,-0.1378533568904594,2024-04-17,2025-04-17,93.78767,-13.78533568904594
SWSOLAR,6.739457,-0.4590103054498189,2024-04-17,2025-04-17,673.94574,-45.90103054498189
STLTECH,0.22554833,-0.3535205848403231,2024-04-17,2025-04-17,22.554832,-35.35205848403231
STAR,-6.3441253,-0.22708173048470148,2024-04-17,2025-04-17,-634.41254,-22.708173048470147
STYLAMIND,0.6664136,0.08184596577017111,2024-04-17,2025-04-17,66.64136,8.18459657701711
SUBROS,0.7715329,0.0831658949943217,2024-04-17,2025-04-17,77.15329,8.316589499432169
SUDARSCHEM,1.0998856,0.6828229242022346,2024-04-17,2025-04-17,109.988556,68.28229242022346
SULA,0.22554833,-0.4841043043400607,2024-04-17,2025-04-17,22.554832,-48.41043043400607
SUMICHEM,0.4982597,0.3826434913092409,2024-04-17,2025-04-17,49.82597,38.26434913092409
SPARC,-2.9730563,-0.5716897586059134,2024-04-17,2025-04-17,-297.30563,-57.168975860591345
SUNPHARMA,0.6136729,0.15503824848324976,2024-04-17,2025-04-17,61.36729,15.503824848324976
SUNTV,0.31009266,0.09846989141164864,2024-04-17,2025-04-17,31.009266,9.846989141164864
SUNDARMFIN,0.4982597,0.14521906259555317,2024-04-17,2025-04-17,49.82597,14.521906259555317
SUNDRMFAST,0.20947647,-0.17304394910206655,2024-04-17,2025-04-17,20.947647,-17.304394910206653
SUNFLAG,0.52051514,0.19966523194643715,2024-04-17,2025-04-17,52.051514,19.966523194643713
SUNTECK,0.5510003,-0.10208499487296341,2024-04-17,2025-04-17,55.10003,-10.20849948729634
SUPRAJIT,0.3236178,-0.06581944610957913,2024-04-17,2025-04-17,32.36178,-6.581944610957913
SUPREMEIND,0.24714977,-0.19081642374011631,2024-04-17,2025-04-17,24.714977,-19.081642374011633
SURYAROSNI,0.6664136,-0.07917774233563701,2024-04-17,2025-04-17,66.64136,-7.917774233563701
SUVENPHAR,0.4982597,0.7959717097170971,2024-04-17,2025-04-17,49.82597,79.5971709717097
SUZLON,0.70399886,0.3382746051032808,2024-04-17,2025-04-17,70.39989,33.82746051032808
SWANENERGY,1.1960887,-0.30364963503649633,2024-04-17,2025-04-17,119.608864,-30.364963503649633
SYMPHONY,0.43903124,0.20853055916775043,2024-04-17,2025-04-17,43.903126,20.85305591677504
SYNGENE,0.29313263,0.02589430607493126,2024-04-17,2025-04-17,29.313263,2.589430607493126
SYRMA,0.63592845,0.05864947691007072,2024-04-17,2025-04-17,63.592846,5.864947691007072
TARC,0.3236178,-0.08679599499374224,2024-04-17,2025-04-17,32.36178,-8.679599499374223
TCIEXP,0.22554833,-0.3584968884633797,2024-04-17,2025-04-17,22.554832,-35.84968884633797
TDPOWERSYS,0.6136729,0.5012840267077554,2024-04-17,2025-04-17,61.36729,50.12840267077554
TVSMOTOR,0.6136729,0.38058432524346886,2024-04-17,2025-04-17,61.36729,38.058432524346884
TVSSCS,0.43685886,-0.2758961681087764,2024-04-17,2025-04-17,43.685886,-27.589616810877637
TANLA,0.5267946,-0.48006867321208224,2024-04-17,2025-04-17,52.679462,-48.006867321208226
TATACHEM,0.4369948,-0.23193520655173971,2024-04-17,2025-04-17,43.69948,-23.19352065517397
TATACOMM,0.392329,-0.15592470740521003,2024-04-17,2025-04-17,39.232903,-15.592470740521003
TCS,0.31009266,-0.1458052822371828,2024-04-17,2025-04-17,31.009266,-14.58052822371828
TATACONSUM,0.4982597,-0.012648186505662906,2024-04-17,2025-04-17,49.82597,-1.2648186505662906
TATAELXSI,3.1740403,-0.3460201378555653,2024-04-17,2025-04-17,317.40402,-34.60201378555653
TATAINVEST,0.63592845,-0.09714097033299118,2024-04-17,2025-04-17,63.592846,-9.714097033299119
TATAMOTORS,0.85345197,-0.3601173624337263,2024-04-17,2025-04-17,85.3452,-36.011736243372624
TATAPOWER,0.7161284,-0.11180919139034329,2024-04-17,2025-04-17,71.61284,-11.180919139034328
TATASTEEL,0.43940553,-0.1431427678850361,2024-04-17,2025-04-17,43.94055,-14.31427678850361
TATATECH,675.935,-0.38187855787476277,2024-04-17,2025-04-17,67593.5,-38.18785578747628
TTML,-1.4058781,-0.21913499344692,2024-04-17,2025-04-17,-140.5878,-21.913499344692
TEAMLEASE,0.22554833,-0.4436058700209644,2024-04-17,2025-04-17,22.554832,-44.36058700209644
TECHM,0.31009266,0.1077862077734919,2024-04-17,2025-04-17,31.009266,10.77862077734919
TECHNOE,0.43903124,0.1540475670957886,2024-04-17,2025-04-17,43.903126,15.404756709578859
TIIL,0.3236178,0.09519516812404238,2024-04-17,2025-04-17,32.36178,9.519516812404238
TEGA,0.5510003,0.009449694274596965,2024-04-17,2025-04-17,55.10003,0.9449694274596965
TEJASNET,-0.77797425,0.07692307692307687,2024-04-17,2025-04-17,-77.797424,7.692307692307687
TEXRAIL,1.1960887,-0.15623869801085,2024-04-17,2025-04-17,119.608864,-15.623869801085
NIACL,0.5267946,-0.21702224239673173,2024-04-17,2025-04-17,52.679462,-21.702224239673175
RAMCOCEM,1.0998856,0.21001938832947653,2024-04-17,2025-04-17,109.988556,21.00193883294765
THERMAX,0.64220786,-0.2842895397136652,2024-04-17,2025-04-17,64.22079,-28.42895397136652
TIRUMALCHM,0.5510003,0.012857403023128766,2024-04-17,2025-04-17,55.10003,1.2857403023128766
THOMASCOOK,0.85345197,-0.2634751773049646,2024-04-17,2025-04-17,85.3452,-26.347517730496463
TI,1.1960887,0.1080986684130103,2024-04-17,2025-04-17,119.608864,10.80986684130103
TIMETECHNO,0.6664136,0.3560853681984233,2024-04-17,2025-04-17,66.64136,35.60853681984233
TITAGARH,1.1546984,-0.19760631525337413,2024-04-17,2025-04-17,115.46983,-19.760631525337413
TITAN,0.4982597,-0.056055147371705694,2024-04-17,2025-04-17,49.82597,-5.605514737170569
TORNTPHARM,0.3862905,0.2779708267075016,2024-04-17,2025-04-17,38.629047,27.79708267075016
TORNTPOWER,0.63592845,0.05270122737949512,2024-04-17,2025-04-17,63.592846,5.270122737949512
TRENT,0.96870637,0.255291037655061,2024-04-17,2025-04-17,96.870636,25.5291037655061
TRIDENT,0.22554833,-0.2950904392764858,2024-04-17,2025-04-17,22.554832,-29.50904392764858
TRIVENI,0.53747517,0.20881458966565347,2024-04-17,2025-04-17,53.747517,20.881458966565347
TRITURBINE,0.6664136,-0.017817586439372035,2024-04-17,2025-04-17,66.64136,-1.7817586439372035
TIINDIA,0.47453213,-0.29028038446226456,2024-04-17,2025-04-17,47.453213,-29.028038446226457
UCOBANK,0.64220786,-0.43174603174603177,2024-04-17,2025-04-17,64.22079,-43.17460317460318
UNOMINDA,0.6664136,0.21451893018409174,2024-04-17,2025-04-17,66.64136,21.451893018409173
UPL,0.4982597,0.37165551839464905,2024-04-17,2025-04-17,49.82597,37.165551839464904
UTIAMC,0.65288836,0.14000775666241894,2024-04-17,2025-04-17,65.28883,14.000775666241893
ULTRACEMCO,0.4982597,0.26839146305720596,2024-04-17,2025-04-17,49.82597,26.839146305720597
UNIONBANK,0.5548188,-0.11196071553840758,2024-04-17,2025-04-17,55.48188,-11.196071553840758
UBL,1.0998856,0.16658970528317263,2024-04-17,2025-04-17,109.988556,16.658970528317262
UNITDSPR,0.51986116,0.32108973801027063,2024-04-17,2025-04-17,51.986115,32.10897380102706
USHAMART,0.5510003,-0.14589623936316232,2024-04-17,2025-04-17,55.10003,-14.589623936316231
VGUARD,0.5510003,0.0210053599884108,2024-04-17,2025-04-17,55.10003,2.10053599884108
VIPIND,0.5267946,-0.4532808902532618,2024-04-17,2025-04-17,52.679462,-45.32808902532618
WABAG,0.31009266,0.5298009711328104,2024-04-17,2025-04-17,31.009266,52.98009711328105
VAIBHAVGBL,0.22554833,-0.40583826429980274,2024-04-17,2025-04-17,22.554832,-40.58382642998028
DBREALTY,0.49630943,-0.09475940924249648,2024-04-17,2025-04-17,49.630943,-9.475940924249649
VTL,0.4982597,0.06765080713678828,2024-04-17,2025-04-17,49.82597,6.765080713678828
VARROC,1.1960887,-0.14207113381803882,2024-04-17,2025-04-17,119.608864,-14.207113381803882
VBL,0.39653793,-0.00438125894134489,2024-04-17,2025-04-17,39.653793,-0.438125894134489
MANYAVAR,0.5510003,-0.1383473637571998,2024-04-17,2025-04-17,55.10003,-13.83473637571998
VEDL,0.63592845,0.05973509933774834,2024-04-17,2025-04-17,63.592846,5.973509933774834
VEEDOL,0.20947647,-0.05956508036558461,2024-04-17,2025-04-17,20.947647,-5.956508036558461
VIJAYA,0.63592845,0.5387003770237304,2024-04-17,2025-04-17,63.592846,53.87003770237304
VINATIORGA,0.5510003,-0.008942469098123018,2024-04-17,2025-04-17,55.10003,-0.8942469098123018
IDEA,1.0994475,-0.44621212121212117,2024-04-17,2025-04-17,109.94475,-44.62121212121212
VOLTAS,0.8562339,-0.005264380274057401,2024-04-17,2025-04-17,85.62339,-0.5264380274057401
WELCORP,1.0998856,0.44621809744779584,2024-04-17,2025-04-17,109.988556,44.62180974477958
WELENT,0.89475876,0.4833235810415446,2024-04-17,2025-04-17,89.475876,48.33235810415446
WELSPUNLIV,1.1960887,-0.1050951086956522,2024-04-17,2025-04-17,119.608864,-10.509510869565219
WSTCSTPAPR,0.22554833,-0.2632533597163823,2024-04-17,2025-04-17,22.554832,-26.325335971638232
WESTLIFE,0.53747517,-0.1466377962227836,2024-04-17,2025-04-17,53.747517,-14.663779622278362
WHIRLPOOL,0.3236178,-0.2189112760692825,2024-04-17,2025-04-17,32.36178,-21.89112760692825
WIPRO,0.53747517,0.06615661566156628,2024-04-17,2025-04-17,53.747517,6.615661566156628
WOCKPHARMA,0.4982597,1.4675800680687665,2024-04-17,2025-04-17,49.82597,146.75800680687666
YATHARTH,0.425506,0.13075895837970175,2024-04-17,2025-04-17,42.5506,13.075895837970176
YESBANK,0.58874476,-0.24309623430962335,2024-04-17,2025-04-17,58.874477,-24.309623430962336
ZFCVINDIA,0.5548188,-0.024810475534114418,2024-04-17,2025-04-17,55.48188,-2.481047553411442
ZEEL,0.64220786,-0.21070441988950284,2024-04-17,2025-04-17,64.22079,-21.070441988950282
ZENTEC,1.1960887,0.5167350245582054,2024-04-17,2025-04-17,119.608864,51.67350245582054
ZENSARTECH,0.6664136,0.12729783377923543,2024-04-17,2025-04-17,66.64136,12.729783377923543
ZYDUSLIFE,0.6664136,-0.11254002134471719,2024-04-17,2025-04-17,66.64136,-11.254002134471719
ZYDUSWELL,0.96870637,0.08240712311943499,2024-04-17,2025-04-17,96.870636,8.240712311943499
ECLERX,0.5510003,0.021755990040409623,2024-04-17,2025-04-17,55.10003,2.1755990040409623
EMUDHRA,0.580496,0.21441479010286346,2024-04-17,2025-04-17,58.049603,21.441479010286347
360ONE,0.5816315,0.19689767325494123,2024-04-17,2025-04-17,58.163147,19.689767325494124
3MINDIA,0.425506,0.032320637054304546,2024-04-17,2025-04-17,42.5506,3.2320637054304546
ACC,0.72745454,-0.14523217247097853,2024-04-17,2025-04-17,72.74545,-14.523217247097852
AIAENG,-1.589104,-0.17904511013445656,2024-04-17,2025-04-17,-158.9104,-17.904511013445656
APLAPOLLO,0.4982597,0.03770443639212617,2024-04-17,2025-04-17,49.82597,3.7704436392126173
ASKAUTOLTD,0.6239204,0.3854693877551021,2024-04-17,2025-04-17,62.392036,38.546938775510206
